Word, Count, IsPrime
the, 3344, False
and, 2390, False
to, 1525, False
a, 1155, False
said, 1141, False
of, 1055, False
it, 963, False
you, 888, False
was, 834, False
i, 756, False
in, 639, False
he, 611, False
that, 595, False
she, 586, False
had, 516, False
peter, 498, False
bobbie, 466, False
they, 464, False
on, 422, False
her, 408, False
as, 402, False
but, 394, False
mother, 388, False
all, 381, False
for, 373, True
not, 365, False
with, 357, False
his, 337, True
be, 328, False
at, 320, False
when, 310, False
were, 300, False
so, 293, True
phyllis, 279, False
we, 271, True
up, 251, True
then, 245, False
him, 242, False
what, 241, True
if, 236, False
is, 234, False
them, 223, True
like, 223, True
very, 220, False
dont, 214, False
out, 211, True
its, 210, False
there, 209, False
do, 209, False
have, 199, True
know, 180, False
down, 177, False
little, 173, True
now, 170, False
did, 169, False
by, 163, True
one, 160, False
this, 158, False
children, 156, False
about, 153, False
me, 153, False
no, 151, True
oh, 148, False
from, 143, False
would, 140, False
see, 138, False
well, 137, True
your, 137, True
my, 135, False
think, 135, False
could, 135, False
went, 135, False
been, 133, False
go, 132, False
just, 130, False
got, 130, False
their, 126, False
more, 124, False
come, 120, False
are, 120, False
say, 119, False
old, 118, False
perks, 114, False
or, 114, False
station, 113, True
who, 112, False
things, 108, False
came, 107, True
get, 106, False
never, 105, False
how, 105, False
three, 103, True
quite, 101, True
only, 100, False
time, 99, False
into, 99, False
good, 98, False
an, 97, True
much, 96, False
train, 93, False
right, 91, False
us, 91, False
im, 90, False
tell, 90, False
thought, 89, True
any, 86, False
ill, 86, False
some, 85, False
than, 84, False
gentleman, 82, False
back, 81, False
yes, 81, False
over, 80, False
made, 79, True
asked, 79, True
again, 79, True
other, 78, False
will, 78, False
too, 76, False
going, 76, False
anything, 75, False
father, 74, False
day, 74, False
because, 74, False
put, 72, False
always, 71, True
away, 71, True
before, 71, True
here, 70, False
thats, 69, False
where, 69, False
man, 69, False
long, 68, False
red, 67, True
people, 67, True
look, 67, True
something, 65, False
youre, 63, False
course, 62, False
can, 62, False
two, 62, False
didnt, 61, True
told, 61, True
home, 60, False
which, 60, False
off, 60, False
, 60, False
roberta, 59, True
take, 59, True
door, 58, False
master, 58, False
wont, 57, False
dear, 56, False
even, 56, False
along, 56, False
round, 56, False
felt, 55, False
want, 55, False
make, 55, False
why, 55, False
looked, 55, False
railway, 53, True
way, 53, True
cant, 53, True
line, 52, False
ever, 51, False
mothers, 51, False
cried, 51, False
first, 51, False
doctor, 51, False
knew, 51, False
engine, 50, False
seemed, 50, False
mrs, 50, False
let, 50, False
might, 49, False
after, 49, False
tea, 49, False
others, 49, False
though, 49, False
must, 49, False
lets, 49, False
hand, 49, False
hands, 49, False
rather, 48, False
most, 48, False
hes, 48, False
really, 48, False
ive, 47, True
tunnel, 47, True
suddenly, 46, False
poor, 46, False
being, 46, False
should, 46, False
great, 45, False
done, 45, False
face, 45, False
once, 45, False
give, 45, False
enough, 45, False
nice, 45, False
peters, 44, False
our, 44, False
wouldnt, 44, False
saw, 44, False
own, 43, True
thing, 43, True
room, 43, True
kind, 42, False
took, 42, False
mean, 42, False
wasnt, 42, False
eyes, 41, True
voice, 41, True
till, 40, False
last, 40, False
found, 40, False
nothing, 39, False
still, 39, False
boy, 38, False
ask, 38, False
shall, 38, False
love, 38, False
herself, 38, False
heard, 38, False
theres, 38, False
end, 37, True
such, 37, True
morning, 37, True
same, 37, True
used, 36, False
house, 36, False
better, 36, False
keep, 36, False
through, 36, False
each, 36, False
stop, 36, False
says, 36, False
white, 35, False
phil, 34, False
birthday, 34, False
russian, 34, False
hurt, 33, False
garden, 33, False
perhaps, 33, False
next, 32, False
am, 32, False
isnt, 32, False
stood, 32, False
read, 31, True
sure, 31, True
has, 31, True
words, 31, True
girls, 31, True
green, 31, True
dark, 31, True
head, 31, True
stopped, 31, True
under, 31, True
coal, 31, True
name, 31, True
jim, 31, True
everyone, 30, False
youll, 30, False
sorry, 30, False
mind, 30, False
canal, 30, False
everything, 29, True
couldnt, 29, True
ought, 29, True
turned, 29, True
soon, 29, True
night, 29, True
without, 29, True
find, 29, True
run, 29, True
wish, 28, False
fire, 28, False
shes, 28, False
gone, 28, False
writing, 28, False
mr, 28, False
water, 27, False
life, 27, False
broken, 27, False
big, 27, False
trees, 27, False
seen, 27, False
bridge, 27, False
every, 26, False
else, 26, False
left, 26, False
youd, 26, False
whats, 26, False
feel, 26, False
place, 26, False
many, 26, False
porter, 26, False
gave, 26, False
help, 25, False
indeed, 25, False
may, 25, False
lay, 25, False
table, 25, False
side, 25, False
paper, 25, False
chimneys, 25, False
bed, 24, False
began, 24, False
hope, 24, False
daddy, 24, False
wanted, 24, False
tried, 24, False
theyre, 24, False
against, 24, False
silly, 24, False
ran, 24, False
across, 24, False
woman, 24, False
open, 24, False
letter, 24, False
id, 24, False
called, 23, True
meant, 23, True
almost, 23, True
these, 23, True
another, 23, True
bit, 23, True
anyone, 23, True
caught, 23, True
talk, 23, True
black, 23, True
believe, 23, True
slowly, 23, True
arm, 23, True
top, 23, True
doing, 23, True
suppose, 22, False
hot, 22, False
french, 22, False
new, 22, False
live, 22, False
among, 22, False
days, 22, False
boys, 22, False
sat, 22, False
coming, 22, False
those, 22, False
seem, 22, False
between, 22, False
glad, 22, False
road, 22, False
hadnt, 22, False
leg, 22, False
held, 21, False
fathers, 21, False
everybody, 21, False
try, 21, False
feeling, 21, False
viney, 21, False
flowers, 21, False
wrong, 21, False
thank, 21, False
aint, 21, False
behind, 20, False
front, 20, False
cold, 20, False
hear, 20, False
arent, 20, False
set, 20, False
candle, 20, False
kitchen, 20, False
far, 20, False
half, 20, False
speak, 20, False
bill, 20, False
baby, 20, False
ready, 19, True
while, 19, True
clothes, 19, True
exactly, 19, True
story, 19, True
mouth, 19, True
miss, 19, True
bobbies, 19, True
looking, 19, True
happened, 19, True
happen, 19, True
opened, 19, True
spoke, 19, True
sound, 19, True
yet, 19, True
please, 19, True
except, 18, False
also, 18, False
friends, 18, False
given, 18, False
does, 18, False
shut, 18, False
tired, 18, False
idea, 18, False
ones, 18, False
whispered, 18, False
hill, 18, False
youve, 18, False
waved, 18, False
roses, 18, False
brought, 17, True
pretty, 17, True
full, 17, True
stay, 17, True
milk, 17, True
heart, 17, True
sorts, 17, True
making, 17, True
bank, 17, True
doesnt, 17, True
sent, 17, True
fell, 17, True
weve, 17, True
wonder, 17, True
light, 17, True
hard, 17, True
comes, 17, True
trains, 17, True
awfully, 17, True
cut, 17, True
coals, 17, True
alone, 17, True
jolly, 17, True
sometimes, 17, True
foot, 17, True
wife, 17, True
write, 16, False
different, 16, False
real, 16, False
late, 16, False
expect, 16, False
remember, 16, False
telling, 16, False
proper, 16, False
sit, 16, False
hair, 16, False
whether, 16, False
soft, 16, False
passed, 16, False
taken, 16, False
work, 16, False
presently, 16, False
wall, 16, False
hold, 16, False
nobody, 16, False
near, 16, False
havent, 16, False
towards, 16, False
added, 16, False
afterwards, 16, False
feet, 16, False
buns, 16, False
book, 16, False
minute, 16, False
show, 16, False
arms, 16, False
secret, 15, False
chapter, 15, False
grew, 15, False
waiting, 15, False
bread, 15, False
wed, 15, False
breath, 15, False
dead, 15, False
best, 15, False
call, 15, False
aunt, 15, False
beautiful, 15, False
clean, 15, False
inside, 15, False
few, 15, False
heap, 15, False
young, 15, False
silence, 15, False
word, 15, False
firmly, 15, False
someone, 15, False
blue, 15, False
letters, 15, False
stand, 15, False
begin, 14, False
getting, 14, False
himself, 14, False
saying, 14, False
often, 14, False
enginedriver, 14, False
crying, 14, False
awful, 14, False
matter, 14, False
horrid, 14, False
bring, 14, False
walk, 14, False
remembered, 14, False
gate, 14, False
person, 14, False
moment, 14, False
sort, 14, False
liked, 14, False
village, 14, False
use, 14, False
whatever, 14, False
quiet, 14, False
having, 14, False
flags, 14, False
barge, 14, False
pleased, 14, False
jims, 14, False
wrote, 14, False
flannel, 14, False
shouted, 14, False
fireman, 13, True
jersey, 13, True
frightened, 13, True
cry, 13, True
large, 13, True
earth, 13, True
itll, 13, True
quickly, 13, True
showed, 13, True
bad, 13, True
understand, 13, True
usual, 13, True
unhappy, 13, True
ears, 13, True
brave, 13, True
yard, 13, True
lighted, 13, True
corner, 13, True
chair, 13, True
thinking, 13, True
hell, 13, True
itself, 13, True
six, 13, True
climbed, 13, True
close, 13, True
later, 13, True
wet, 13, True
waited, 13, True
shook, 13, True
lady, 13, True
girl, 13, True
forrest, 13, True
sleep, 13, True
hardly, 13, True
chap, 13, True
e, 12, False
play, 12, False
besides, 12, False
cross, 12, False
happy, 12, False
afraid, 12, False
pull, 12, False
ruth, 12, False
gently, 12, False
talking, 12, False
questions, 12, False
tomorrow, 12, False
names, 12, False
busy, 12, False
window, 12, False
platform, 12, False
nor, 12, False
nose, 12, False
odd, 12, False
interesting, 12, False
bright, 12, False
running, 12, False
themselves, 12, False
sisters, 12, False
indignantly, 12, False
wave, 12, False
newspaper, 12, False
since, 12, False
both, 12, False
nurse, 12, False
horrible, 12, False
pink, 12, False
wild, 12, False
crowd, 12, False
prison, 12, False
means, 11, True
deal, 11, True
wished, 11, True
dog, 11, True
phylliss, 11, True
lot, 11, True
clever, 11, True
carried, 11, True
afternoon, 11, True
grown, 11, True
evening, 11, True
longer, 11, True
breakfast, 11, True
already, 11, True
answered, 11, True
men, 11, True
holding, 11, True
trouble, 11, True
legs, 11, True
taking, 11, True
moved, 11, True
darkness, 11, True
cart, 11, True
butter, 11, True
money, 11, True
case, 11, True
together, 11, True
wonderful, 11, True
rocks, 11, True
wires, 11, True
dragon, 11, True
years, 11, True
part, 11, True
darling, 11, True
watch, 11, True
send, 11, True
known, 11, True
angry, 11, True
ere, 11, True
doctors, 11, True
fish, 11, True
brown, 11, True
dr, 11, True
god, 11, True
basket, 11, True
cutting, 11, True
lessons, 11, True
prisoners, 10, False
terrible, 10, False
lived, 10, False
windows, 10, False
sitting, 10, False
reason, 10, False
true, 10, False
eat, 10, False
whole, 10, False
picked, 10, False
care, 10, False
warm, 10, False
wood, 10, False
engines, 10, False
nearly, 10, False
anybody, 10, False
yourself, 10, False
steps, 10, False
helped, 10, False
woke, 10, False
hat, 10, False
emma, 10, False
laid, 10, False
straight, 10, False
world, 10, False
smiled, 10, False
followed, 10, False
mound, 10, False
diningroom, 10, False
mustnt, 10, False
somehow, 10, False
started, 10, False
led, 10, False
pulled, 10, False
easy, 10, False
noticed, 10, False
reached, 10, False
em, 10, False
twice, 10, False
several, 10, False
talked, 10, False
pocket, 10, False
forward, 10, False
surprise, 10, False
wait, 10, False
covered, 10, False
waving, 10, False
fast, 10, False
trying, 10, False
strange, 10, False
handkerchief, 10, False
charity, 10, False
swallows, 10, False
hound, 9, False
dull, 9, False
stories, 9, False
school, 9, False
dreadful, 9, False
presents, 9, False
however, 9, False
wooden, 9, False
accident, 9, False
doubtfully, 9, False
gentlemen, 9, False
forgotten, 9, False
louder, 9, False
boots, 9, False
lips, 9, False
promised, 9, False
mammy, 9, False
worse, 9, False
leave, 9, False
packed, 9, False
furniture, 9, False
boxes, 9, False
supper, 9, False
expected, 9, False
less, 9, False
stone, 9, False
floor, 9, False
heavy, 9, False
walked, 9, False
heres, 9, False
washing, 9, False
field, 9, False
short, 9, False
grey, 9, False
grass, 9, False
early, 9, False
hour, 9, False
answer, 9, False
seems, 9, False
heads, 9, False
notice, 9, False
written, 9, False
above, 9, False
sake, 9, False
doubt, 9, False
learned, 9, False
safe, 9, False
hours, 9, False
minutes, 9, False
air, 9, False
tied, 9, False
o, 9, False
single, 9, False
understood, 9, False
sheet, 9, False
leaned, 9, False
second, 9, False
rose, 9, False
leaning, 9, False
stranger, 9, False
breathlessly, 9, False
petticoats, 9, False
shake, 9, False
perkss, 9, False
redjerseyed, 9, False
beginning, 8, False
pay, 8, False
explained, 8, False
pie, 8, False
piece, 8, False
loved, 8, False
country, 8, False
four, 8, False
fingers, 8, False
saved, 8, False
beasts, 8, False
sad, 8, False
able, 8, False
bell, 8, False
news, 8, False
pale, 8, False
darlings, 8, False
stairs, 8, False
replied, 8, False
asleep, 8, False
worry, 8, False
knows, 8, False
kept, 8, False
damp, 8, False
cellar, 8, False
box, 8, False
hastily, 8, False
quietly, 8, False
kettle, 8, False
flat, 8, False
bottom, 8, False
small, 8, False
steep, 8, False
fence, 8, False
rush, 8, False
outside, 8, False
shouldnt, 8, False
signalbox, 8, False
game, 8, False
mark, 8, False
915, 8, False
peoples, 8, False
meet, 8, False
allowed, 8, False
fat, 8, False
friend, 8, False
myself, 8, False
pleasure, 8, False
p, 8, False
listen, 8, False
turn, 8, False
move, 8, False
brother, 8, False
wind, 8, False
theyve, 8, False
yards, 8, False
smoke, 8, False
hearts, 8, False
bless, 8, False
cabin, 8, False
uncle, 8, False
settle, 8, False
whose, 7, True
captives, 7, True
grandfather, 7, True
glass, 7, True
funny, 7, True
birthdays, 7, True
least, 7, True
ten, 7, True
hate, 7, True
lost, 7, True
strong, 7, True
carefully, 7, True
bedtime, 7, True
thin, 7, True
kissed, 7, True
shoulders, 7, True
quarrel, 7, True
gold, 7, True
upstairs, 7, True
bottle, 7, True
week, 7, True
useful, 7, True
laughed, 7, True
seeing, 7, True
pots, 7, True
lives, 7, True
shant, 7, True
walking, 7, True
hed, 7, True
leather, 7, True
delightful, 7, True
need, 7, True
purpose, 7, True
washed, 7, True
stones, 7, True
roof, 7, True
fresh, 7, True
sides, 7, True
smooth, 7, True
magic, 7, True
beef, 7, True
helping, 7, True
today, 7, True
catch, 7, True
interested, 7, True
lamps, 7, True
loose, 7, True
nonsense, 7, True
particular, 7, True
jam, 7, True
fine, 7, True
mines, 7, True
perambulator, 7, True
carry, 7, True
beastly, 7, True
brick, 7, True
secrets, 7, True
certain, 7, True
fact, 7, True
goes, 7, True
carriage, 7, True
tear, 7, True
neck, 7, True
married, 7, True
bargees, 7, True
hullo, 7, True
sweets, 7, True
noble, 7, True
postoffice, 7, True
noise, 7, True
parcel, 7, True
trembled, 7, True
pointed, 7, True
loud, 7, True
advertisement, 7, True
passengers, 7, True
upon, 7, True
papers, 7, True
ave, 7, True
killed, 7, True
coward, 7, True
ear, 7, True
bargee, 7, True
werent, 7, True
washhouse, 7, True
labels, 7, True
rake, 7, True
paperchase, 7, True
forehead, 7, True
coalmine, 6, False
hounds, 6, False
paint, 6, False
ladies, 6, False
change, 6, False
bits, 6, False
eagerly, 6, False
amuse, 6, False
burst, 6, False
mend, 6, False
dinner, 6, False
low, 6, False
forget, 6, False
dirty, 6, False
pass, 6, False
shining, 6, False
business, 6, False
dressed, 6, False
kiss, 6, False
catching, 6, False
servants, 6, False
sister, 6, False
cup, 6, False
promise, 6, False
sighed, 6, False
calling, 6, False
books, 6, False
nasty, 6, False
precious, 6, False
wondered, 6, False
crockery, 6, False
brass, 6, False
dragged, 6, False
undone, 6, False
knocked, 6, False
ago, 6, False
plate, 6, False
iron, 6, False
stick, 6, False
cheerful, 6, False
finger, 6, False
sight, 6, False
clock, 6, False
church, 6, False
turf, 6, False
below, 6, False
ripping, 6, False
metals, 6, False
past, 6, False
jumped, 6, False
edge, 6, False
post, 6, False
joy, 6, False
none, 6, False
disappeared, 6, False
speaking, 6, False
afford, 6, False
politely, 6, False
pete, 6, False
neednt, 6, False
boot, 6, False
remarked, 6, False
bag, 6, False
fault, 6, False
parted, 6, False
theyd, 6, False
especially, 6, False
envelope, 6, False
met, 6, False
eh, 6, False
hurry, 6, False
proud, 6, False
bootlace, 6, False
honour, 6, False
pounds, 6, False
ud, 6, False
silver, 6, False
torn, 6, False
pause, 6, False
fond, 6, False
thoughts, 6, False
natural, 6, False
brandy, 6, False
decided, 6, False
times, 6, False
sweet, 6, False
smile, 6, False
standing, 6, False
thick, 6, False
sunshine, 6, False
fuss, 6, False
sniffed, 6, False
splendid, 6, False
agreed, 6, False
therell, 6, False
pleasant, 6, False
towingpath, 6, False
threw, 6, False
rock, 6, False
drew, 6, False
directly, 6, False
sugar, 6, False
present, 6, False
frock, 6, False
toy, 6, False
chance, 6, False
surprised, 6, False
earnestly, 6, False
sharp, 6, False
missie, 6, False
flung, 6, False
anxious, 6, False
hush, 6, False
tree, 6, False
lying, 6, False
duty, 6, False
dry, 6, False
marry, 6, False
quick, 6, False
ground, 6, False
fit, 6, False
stocking, 6, False
wounds, 6, False
signalman, 6, False
bones, 6, False
railways, 5, True
villa, 5, True
calls, 5, True
poetry, 5, True
fires, 5, True
lovely, 5, True
heaps, 5, True
tender, 5, True
feelings, 5, True
pigeonpie, 5, True
worst, 5, True
miserable, 5, True
fixed, 5, True
tale, 5, True
fetched, 5, True
cheerfully, 5, True
break, 5, True
pulling, 5, True
holiday, 5, True
childrens, 5, True
difficult, 5, True
sounded, 5, True
instead, 5, True
wants, 5, True
step, 5, True
looks, 5, True
cab, 5, True
collar, 5, True
extra, 5, True
whom, 5, True
london, 5, True
goody, 5, True
happening, 5, True
cheer, 5, True
seven, 5, True
quarrelling, 5, True
office, 5, True
perfectly, 5, True
places, 5, True
offended, 5, True
beautifully, 5, True
repeated, 5, True
crept, 5, True
lines, 5, True
chairs, 5, True
enjoyed, 5, True
pointing, 5, True
moving, 5, True
wake, 5, True
taillights, 5, True
robertas, 5, True
rough, 5, True
wheels, 5, True
struck, 5, True
walls, 5, True
five, 5, True
high, 5, True
teeth, 5, True
candles, 5, True
burn, 5, True
burned, 5, True
grownup, 5, True
ends, 5, True
shovel, 5, True
cheered, 5, True
plain, 5, True
gets, 5, True
purple, 5, True
tall, 5, True
valley, 5, True
passing, 5, True
pushed, 5, True
question, 5, True
bushes, 5, True
yellow, 5, True
cake, 5, True
telegraph, 5, True
rushed, 5, True
tearing, 5, True
dragons, 5, True
manner, 5, True
resist, 5, True
unless, 5, True
deep, 5, True
hills, 5, True
worn, 5, True
weak, 5, True
playing, 5, True
pain, 5, True
usually, 5, True
chariot, 5, True
mine, 5, True
silent, 5, True
listened, 5, True
trembling, 5, True
yours, 5, True
spot, 5, True
fetch, 5, True
waves, 5, True
handkerchiefs, 5, True
firstclass, 5, True
gentlemans, 5, True
sensible, 5, True
whenever, 5, True
year, 5, True
carriages, 5, True
shed, 5, True
bath, 5, True
sacred, 5, True
numbers, 5, True
dare, 5, True
itand, 5, True
rabbits, 5, True
tight, 5, True
mutton, 5, True
stiff, 5, True
start, 5, True
reading, 5, True
strangers, 5, True
hers, 5, True
song, 5, True
maidbridge, 5, True
ourselves, 5, True
rosebushes, 5, True
lilac, 5, True
until, 5, True
beside, 5, True
tone, 5, True
club, 5, True
aqueduct, 5, True
growing, 5, True
pictures, 5, True
turning, 5, True
tidy, 5, True
begun, 5, True
buttercup, 5, True
crown, 5, True
working, 5, True
nearest, 5, True
steam, 5, True
climb, 5, True
tears, 5, True
touch, 5, True
sky, 5, True
beat, 5, True
faces, 5, True
general, 5, True
consented, 5, True
language, 5, True
latin, 5, True
sounds, 5, True
closed, 5, True
kindly, 5, True
giving, 5, True
horribly, 5, True
tightly, 5, True
russia, 5, True
lame, 5, True
soldiers, 5, True
possibly, 5, True
sun, 5, True
sprang, 5, True
hated, 5, True
cherries, 5, True
spring, 5, True
dropped, 5, True
leaves, 5, True
twenty, 5, True
rushing, 5, True
fallen, 5, True
petticoat, 5, True
holes, 5, True
faint, 5, True
likely, 5, True
presentation, 5, True
rub, 5, True
wear, 5, True
theyll, 5, True
watches, 5, True
upset, 5, True
pound, 5, True
born, 5, True
broke, 5, True
ropes, 5, True
hundred, 5, True
ransome, 5, True
pram, 5, True
bert, 5, True
worth, 5, True
bedroom, 5, True
blood, 5, True
pax, 5, True
nests, 5, True
hare, 5, True
false, 5, True
parr, 5, True
ordinary, 4, False
engineer, 4, False
aloud, 4, False
needed, 4, False
james, 4, False
excellent, 4, False
model, 4, False
either, 4, False
soul, 4, False
mad, 4, False
gloomy, 4, False
excuse, 4, False
hopes, 4, False
mended, 4, False
rested, 4, False
hum, 4, False
tones, 4, False
built, 4, False
library, 4, False
family, 4, False
thatll, 4, False
shape, 4, False
tonight, 4, False
whisper, 4, False
pet, 4, False
worried, 4, False
putting, 4, False
oclock, 4, False
teatime, 4, False
armchair, 4, False
harder, 4, False
exchanged, 4, False
guilty, 4, False
carpet, 4, False
folded, 4, False
weeks, 4, False
company, 4, False
comfortable, 4, False
ways, 4, False
stayed, 4, False
packing, 4, False
seaside, 4, False
fancy, 4, False
foreign, 4, False
dears, 4, False
shivering, 4, False
watched, 4, False
guards, 4, False
become, 4, False
crunch, 4, False
match, 4, False
middle, 4, False
rats, 4, False
fun, 4, False
meat, 4, False
ceiling, 4, False
mixed, 4, False
hung, 4, False
wheres, 4, False
string, 4, False
stuck, 4, False
lock, 4, False
spread, 4, False
drink, 4, False
sheets, 4, False
scream, 4, False
deeply, 4, False
bunch, 4, False
cups, 4, False
nicely, 4, False
unusual, 4, False
lie, 4, False
ended, 4, False
signals, 4, False
rocky, 4, False
themand, 4, False
grownups, 4, False
path, 4, False
porters, 4, False
pockets, 4, False
friendly, 4, False
dough, 4, False
touched, 4, False
dream, 4, False
rain, 4, False
takes, 4, False
band, 4, False
flushed, 4, False
joyous, 4, False
follow, 4, False
dried, 4, False
st, 4, False
lump, 4, False
handle, 4, False
hugged, 4, False
rattling, 4, False
tin, 4, False
police, 4, False
pretended, 4, False
interrupted, 4, False
anyhow, 4, False
express, 4, False
chill, 4, False
named, 4, False
suggested, 4, False
tore, 4, False
stopping, 4, False
fair, 4, False
editor, 4, False
uncomfortable, 4, False
polite, 4, False
breathless, 4, False
chaps, 4, False
sobbed, 4, False
satisfied, 4, False
goodness, 4, False
tie, 4, False
properly, 4, False
danger, 4, False
hungry, 4, False
guard, 4, False
tickets, 4, False
notebook, 4, False
corners, 4, False
glances, 4, False
signs, 4, False
kicked, 4, False
bound, 4, False
neither, 4, False
throat, 4, False
gell, 4, False
laburnum, 4, False
w, 4, False
cheeks, 4, False
mamma, 4, False
ah, 4, False
animals, 4, False
disappointed, 4, False
forgetmenots, 4, False
eyebrows, 4, False
twopence, 4, False
sweetbrier, 4, False
undid, 4, False
truth, 4, False
kindness, 4, False
power, 4, False
glorious, 4, False
grateful, 4, False
colour, 4, False
river, 4, False
parapet, 4, False
driving, 4, False
grand, 4, False
tunnels, 4, False
singing, 4, False
twelve, 4, False
needlebook, 4, False
hesitated, 4, False
games, 4, False
slip, 4, False
trunk, 4, False
sleeve, 4, False
outer, 4, False
shout, 4, False
instant, 4, False
cheek, 4, False
lend, 4, False
ticket, 4, False
newspapers, 4, False
wifes, 4, False
goodbye, 4, False
interest, 4, False
dearest, 4, False
belief, 4, False
spoken, 4, False
shabby, 4, False
twos, 4, False
signalled, 4, False
watching, 4, False
coat, 4, False
slipped, 4, False
waist, 4, False
hurried, 4, False
bite, 4, False
england, 4, False
war, 4, False
pray, 4, False
english, 4, False
strawberries, 4, False
likes, 4, False
party, 4, False
happens, 4, False
exciting, 4, False
cherry, 4, False
lunch, 4, False
roughly, 4, False
seeds, 4, False
bringing, 4, False
prompt, 4, False
anyway, 4, False
rolled, 4, False
knife, 4, False
sick, 4, False
clear, 4, False
wash, 4, False
muslin, 4, False
soap, 4, False
dresses, 4, False
empty, 4, False
bother, 4, False
speech, 4, False
subject, 4, False
feathers, 4, False
panted, 4, False
afore, 4, False
fifteenth, 4, False
kids, 4, False
haste, 4, False
setting, 4, False
fight, 4, False
hi, 4, False
disagreeable, 4, False
courage, 4, False
bargeman, 4, False
alive, 4, False
steadily, 4, False
lots, 4, False
pen, 4, False
shoulder, 4, False
emmies, 4, False
careful, 4, False
laughing, 4, False
nell, 4, False
neighbours, 4, False
cleaning, 4, False
bear, 4, False
rows, 4, False
prig, 4, False
desk, 4, False
slate, 4, False
strap, 4, False
foreman, 4, False
manhole, 4, False
dreadfully, 4, False
farm, 4, False
shillings, 4, False
bailiff, 4, False
untie, 4, False
female, 4, False
hospital, 4, False
rhyme, 4, False
wigsby, 4, False
paley, 4, False
knowledge, 3, True
ii, 3, True
engineburglar, 3, True
pride, 3, True
cooks, 3, True
coloured, 3, True
passage, 3, True
hall, 3, True
extremely, 3, True
spend, 3, True
pieces, 3, True
dolls, 3, True
merry, 3, True
charm, 3, True
owing, 3, True
measles, 3, True
cook, 3, True
thus, 3, True
offer, 3, True
human, 3, True
aid, 3, True
pins, 3, True
unsteady, 3, True
saturday, 3, True
knock, 3, True
shown, 3, True
sir, 3, True
fairy, 3, True
rang, 3, True
showing, 3, True
mum, 3, True
drove, 3, True
hug, 3, True
push, 3, True
brushed, 3, True
breaking, 3, True
opinion, 3, True
sank, 3, True
eaudecologne, 3, True
ached, 3, True
whos, 3, True
visit, 3, True
ugly, 3, True
keeping, 3, True
emmas, 3, True
amusing, 3, True
temper, 3, True
sing, 3, True
housemaid, 3, True
fighting, 3, True
settled, 3, True
candlesticks, 3, True
van, 3, True
rooms, 3, True
joyously, 3, True
forgot, 3, True
laugh, 3, True
shaking, 3, True
guess, 3, True
changes, 3, True
shivered, 3, True
hoped, 3, True
cabs, 3, True
stumbled, 3, True
key, 3, True
lantern, 3, True
unlocked, 3, True
bare, 3, True
rustling, 3, True
adventure, 3, True
dusty, 3, True
certainly, 3, True
packingcase, 3, True
thinks, 3, True
opening, 3, True
kicking, 3, True
raised, 3, True
fiercely, 3, True
hooray, 3, True
drop, 3, True
roman, 3, True
odds, 3, True
partly, 3, True
cloth, 3, True
toast, 3, True
wholly, 3, True
basin, 3, True
moss, 3, True
wallflowers, 3, True
prettier, 3, True
stables, 3, True
simply, 3, True
eight, 3, True
halfpast, 3, True
boiled, 3, True
square, 3, True
cheese, 3, True
apple, 3, True
lark, 3, True
expressed, 3, True
sticking, 3, True
posts, 3, True
cliff, 3, True
rattled, 3, True
lair, 3, True
humming, 3, True
count, 3, True
firm, 3, True
serve, 3, True
booking, 3, True
thrill, 3, True
meaning, 3, True
temptation, 3, True
naturally, 3, True
sorrow, 3, True
wore, 3, True
attic, 3, True
mountain, 3, True
finished, 3, True
hasty, 3, True
row, 3, True
lead, 3, True
interval, 3, True
mysteriously, 3, True
spent, 3, True
unpacked, 3, True
pair, 3, True
summer, 3, True
cat, 3, True
concealed, 3, True
shadow, 3, True
chimney, 3, True
labelled, 3, True
ceased, 3, True
rattle, 3, True
cautiously, 3, True
stealing, 3, True
mining, 3, True
stuff, 3, True
masters, 3, True
rubbing, 3, True
thoughtfully, 3, True
enthusiasm, 3, True
free, 3, True
town, 3, True
dreams, 3, True
quarter, 3, True
thoroughly, 3, True
writes, 3, True
railing, 3, True
waterproof, 3, True
proof, 3, True
crunching, 3, True
fastened, 3, True
proudly, 3, True
ungrateful, 3, True
impatiently, 3, True
answering, 3, True
hang, 3, True
moments, 3, True
inner, 3, True
temple, 3, True
orange, 3, True
gent, 3, True
pages, 3, True
despair, 3, True
granny, 3, True
bob, 3, True
cost, 3, True
burning, 3, True
sore, 3, True
christmas, 3, True
sodawater, 3, True
rubbish, 3, True
desert, 3, True
brunswick, 3, True
yesi, 3, True
duck, 3, True
makes, 3, True
oven, 3, True
railings, 3, True
attitude, 3, True
clergyman, 3, True
bootlaces, 3, True
knowing, 3, True
hamper, 3, True
smell, 3, True
beg, 3, True
smaller, 3, True
forgive, 3, True
liberty, 3, True
signed, 3, True
seldom, 3, True
rubbed, 3, True
alike, 3, True
lor, 3, True
grows, 3, True
elbows, 3, True
hit, 3, True
throw, 3, True
horse, 3, True
attend, 3, True
history, 3, True
slope, 3, True
wreath, 3, True
learning, 3, True
verses, 3, True
nicest, 3, True
journey, 3, True
brooch, 3, True
shop, 3, True
invented, 3, True
changed, 3, True
played, 3, True
nail, 3, True
hid, 3, True
easily, 3, True
miles, 3, True
faster, 3, True
backs, 3, True
patted, 3, True
unkindly, 3, True
relations, 3, True
cousins, 3, True
blessed, 3, True
screamed, 3, True
fields, 3, True
umbrella, 3, True
dumb, 3, True
blot, 3, True
signal, 3, True
announced, 3, True
driver, 3, True
comfort, 3, True
farmer, 3, True
heavily, 3, True
tongue, 3, True
pour, 3, True
taught, 3, True
ma, 3, True
stroked, 3, True
hasnt, 3, True
sleeves, 3, True
reaching, 3, True
unexpectedly, 3, True
body, 3, True
beating, 3, True
figures, 3, True
patient, 3, True
hurts, 3, True
happier, 3, True
siberia, 3, True
whod, 3, True
die, 3, True
managed, 3, True
pity, 3, True
third, 3, True
waterbutt, 3, True
ripe, 3, True
prisoner, 3, True
column, 3, True
state, 3, True
accept, 3, True
mans, 3, True
ad, 3, True
rude, 3, True
shame, 3, True
blossom, 3, True
shone, 3, True
lent, 3, True
narrow, 3, True
branches, 3, True
pick, 3, True
clung, 3, True
mile, 3, True
cloud, 3, True
bigger, 3, True
anxiety, 3, True
keeps, 3, True
roots, 3, True
sticks, 3, True
save, 3, True
cuckoo, 3, True
cushions, 3, True
action, 3, True
heartless, 3, True
sympathy, 3, True
account, 3, True
repeating, 3, True
russians, 3, True
proposed, 3, True
convenient, 3, True
sink, 3, True
shocked, 3, True
squeeze, 3, True
frightfully, 3, True
deserve, 3, True
jug, 3, True
child, 3, True
possible, 3, True
sign, 3, True
shiny, 3, True
bench, 3, True
drank, 3, True
ribbon, 3, True
skipping, 3, True
beer, 3, True
confidential, 3, True
thirty, 3, True
briefly, 3, True
missus, 3, True
waters, 3, True
within, 3, True
anchor, 3, True
halfway, 3, True
sternly, 3, True
following, 3, True
kid, 3, True
stern, 3, True
grazed, 3, True
choked, 3, True
bark, 3, True
yer, 3, True
reginald, 3, True
locks, 3, True
bunday, 3, True
machine, 3, True
hay, 3, True
rat, 3, True
grocers, 3, True
honey, 3, True
gooseberries, 3, True
months, 3, True
wildflowers, 3, True
praise, 3, True
abruptly, 3, True
hide, 3, True
wide, 3, True
ahead, 3, True
respected, 3, True
respect, 3, True
violet, 3, True
scattered, 3, True
fear, 3, True
view, 3, True
using, 3, True
fainted, 3, True
rowing, 3, True
gentle, 3, True
beast, 3, True
magazines, 3, True
trial, 3, True
telegraphed, 3, True
swollen, 3, True
accidents, 3, True
explain, 3, True
clay, 3, True
nest, 3, True
workmen, 3, True
picks, 3, True
passenger, 3, True
threes, 3, True
sixes, 3, True
gravel, 3, True
roar, 3, True
wetted, 3, True
sufferer, 3, True
arithmetic, 3, True
signalmans, 3, True
scientific, 3, True
rhymes, 3, True
dates, 3, True
kings, 3, True
anxiously, 3, True
1154, 3, True
son, 2, True
iii, 2, True
iv, 2, True
v, 2, True
vi, 2, True
saviours, 2, True
vii, 2, True
valour, 2, True
viii, 2, True
amateur, 2, True
ix, 2, True
x, 2, True
xi, 2, True
xii, 2, True
xiii, 2, True
xiv, 2, True
maskelyne, 2, True
gardens, 2, True
bathroom, 2, True
electric, 2, True
bells, 2, True
youngest, 2, True
mumps, 2, True
lucky, 2, True
nursery, 2, True
toys, 2, True
goose, 2, True
cause, 2, True
noahs, 2, True
ark, 2, True
itbut, 2, True
cooked, 2, True
ate, 2, True
worthy, 2, True
prepare, 2, True
screw, 2, True
boiler, 2, True
blankets, 2, True
sleeps, 2, True
determined, 2, True
overcome, 2, True
wonderfully, 2, True
acted, 2, True
despaired, 2, True
creature, 2, True
stronger, 2, True
heroic, 2, True
unselfishness, 2, True
breaths, 2, True
tons, 2, True
solder, 2, True
castle, 2, True
parlourmaid, 2, True
rid, 2, True
drawbridge, 2, True
voices, 2, True
generally, 2, True
relief, 2, True
queer, 2, True
death, 2, True
lace, 2, True
lingered, 2, True
egg, 2, True
angrily, 2, True
thumped, 2, True
necessary, 2, True
government, 2, True
everythings, 2, True
governess, 2, True
believed, 2, True
returned, 2, True
compliment, 2, True
anywhere, 2, True
preferred, 2, True
trap, 2, True
redhaired, 2, True
ducky, 2, True
straw, 2, True
pack, 2, True
bedsteads, 2, True
fenders, 2, True
fireirons, 2, True
slept, 2, True
beds, 2, True
sofa, 2, True
larks, 2, True
month, 2, True
dusk, 2, True
sleepier, 2, True
roused, 2, True
blowing, 2, True
centre, 2, True
sneezed, 2, True
crooked, 2, True
tighter, 2, True
muddy, 2, True
absently, 2, True
foots, 2, True
pace, 2, True
shutters, 2, True
shell, 2, True
doorstep, 2, True
hereabouts, 2, True
stooped, 2, True
ay, 2, True
curtains, 2, True
hearthrug, 2, True
blew, 2, True
matches, 2, True
darker, 2, True
whitewashed, 2, True
blundering, 2, True
cracked, 2, True
cases, 2, True
leading, 2, True
nailed, 2, True
sees, 2, True
knot, 2, True
nails, 2, True
candlelight, 2, True
saucers, 2, True
candlegrease, 2, True
upright, 2, True
gaily, 2, True
flew, 2, True
martyr, 2, True
fourteen, 2, True
wreaths, 2, True
tidied, 2, True
tray, 2, True
tablecloth, 2, True
biscuits, 2, True
marie, 2, True
sardines, 2, True
preserved, 2, True
ginger, 2, True
candied, 2, True
peel, 2, True
marmalade, 2, True
cupboard, 2, True
health, 2, True
wine, 2, True
glasses, 2, True
chickies, 2, True
creep, 2, True
pump, 2, True
weeds, 2, True
earnest, 2, True
arranged, 2, True
yawning, 2, True
arches, 2, True
sunwarmed, 2, True
agitation, 2, True
arrange, 2, True
childs, 2, True
hidden, 2, True
furze, 2, True
rumbling, 2, True
shriek, 2, True
noisily, 2, True
pebbles, 2, True
drawing, 2, True
wings, 2, True
mysterious, 2, True
ping, 2, True
sleepers, 2, True
rails, 2, True
apart, 2, True
crossing, 2, True
solid, 2, True
bricks, 2, True
picture, 2, True
cities, 2, True
unable, 2, True
curved, 2, True
giant, 2, True
dent, 2, True
surely, 2, True
impression, 2, True
remembrance, 2, True
remarks, 2, True
maynt, 2, True
madly, 2, True
paid, 2, True
dearnot, 2, True
slice, 2, True
unexpected, 2, True
miracle, 2, True
keen, 2, True
forlorn, 2, True
asks, 2, True
blab, 2, True
trusted, 2, True
nights, 2, True
beckoned, 2, True
twilight, 2, True
loft, 2, True
coachhouse, 2, True
works, 2, True
glided, 2, True
leader, 2, True
hollow, 2, True
heather, 2, True
shaped, 2, True
regular, 2, True
sand, 2, True
shoes, 2, True
g, 2, True
return, 2, True
lifted, 2, True
jacket, 2, True
thief, 2, True
jaw, 2, True
agonised, 2, True
bearing, 2, True
legend, 2, True
spy, 2, True
wicked, 2, True
parts, 2, True
chin, 2, True
judges, 2, True
occur, 2, True
sleeping, 2, True
crisp, 2, True
shrieking, 2, True
cleanshaven, 2, True
waterbury, 2, True
reverse, 2, True
rail, 2, True
coats, 2, True
envelopes, 2, True
sigh, 2, True
slips, 2, True
printed, 2, True
stolen, 2, True
daylight, 2, True
bygones, 2, True
buy, 2, True
mention, 2, True
threefold, 2, True
greeting, 2, True
splashed, 2, True
bundle, 2, True
toothless, 2, True
instance, 2, True
hook, 2, True
couplings, 2, True
improper, 2, True
dunno, 2, True
conversation, 2, True
hole, 2, True
sell, 2, True
seed, 2, True
wholesale, 2, True
honourable, 2, True
md, 2, True
charming, 2, True
headnurse, 2, True
grapes, 2, True
list, 2, True
laying, 2, True
broth, 2, True
shilling, 2, True
scissors, 2, True
brush, 2, True
manage, 2, True
stupid, 2, True
dinnertime, 2, True
explaining, 2, True
puff, 2, True
missed, 2, True
thrust, 2, True
address, 2, True
pardon, 2, True
offence, 2, True
plenty, 2, True
chickens, 2, True
stalks, 2, True
sniffing, 2, True
loudly, 2, True
displayed, 2, True
fortnight, 2, True
rate, 2, True
naughty, 2, True
downright, 2, True
furious, 2, True
nowe, 2, True
sold, 2, True
tank, 2, True
mainline, 2, True
snail, 2, True
seasons, 2, True
runs, 2, True
lean, 2, True
thames, 2, True
slow, 2, True
barges, 2, True
horses, 2, True
strained, 2, True
fierce, 2, True
stooping, 2, True
fishing, 2, True
dogcart, 2, True
lift, 2, True
shot, 2, True
fidgeted, 2, True
belonged, 2, True
begins, 2, True
engineering, 2, True
bridges, 2, True
differently, 2, True
scrambled, 2, True
unnaturally, 2, True
neat, 2, True
bow, 2, True
rings, 2, True
tinkle, 2, True
shy, 2, True
pattern, 2, True
tune, 2, True
fourth, 2, True
age, 2, True
prevent, 2, True
returns, 2, True
eyelids, 2, True
kissing, 2, True
hugging, 2, True
cards, 2, True
fitted, 2, True
forgetmenot, 2, True
daisies, 2, True
tiny, 2, True
dumping, 2, True
changing, 2, True
greedy, 2, True
decent, 2, True
twisted, 2, True
opportunity, 2, True
skirt, 2, True
bush, 2, True
patiently, 2, True
badly, 2, True
knee, 2, True
knees, 2, True
movingnot, 2, True
flash, 2, True
supposed, 2, True
taps, 2, True
bloomin, 2, True
blooming, 2, True
unkind, 2, True
ride, 2, True
point, 2, True
addressed, 2, True
brownpaper, 2, True
blowed, 2, True
blest, 2, True
bothered, 2, True
penny, 2, True
forgiven, 2, True
clasped, 2, True
inch, 2, True
completely, 2, True
wheel, 2, True
injector, 2, True
fill, 2, True
brake, 2, True
steel, 2, True
handed, 2, True
cord, 2, True
adventures, 2, True
trust, 2, True
loving, 2, True
woods, 2, True
sharply, 2, True
turns, 2, True
carrying, 2, True
advertises, 2, True
tours, 2, True
pressed, 2, True
consider, 2, True
mates, 2, True
curve, 2, True
german, 2, True
boldly, 2, True
glance, 2, True
triumph, 2, True
obliged, 2, True
warmly, 2, True
backed, 2, True
wrenched, 2, True
vous, 2, True
bong, 2, True
pleaded, 2, True
stamps, 2, True
stamp, 2, True
common, 2, True
swept, 2, True
bowed, 2, True
ceremoniously, 2, True
curiosity, 2, True
brightly, 2, True
shirt, 2, True
belong, 2, True
stretching, 2, True
fireplace, 2, True
newly, 2, True
nightshirt, 2, True
clinging, 2, True
mattress, 2, True
tail, 2, True
dared, 2, True
rich, 2, True
chain, 2, True
deserted, 2, True
owed, 2, True
escaped, 2, True
parliament, 2, True
editors, 2, True
secretaries, 2, True
societies, 2, True
constantly, 2, True
neighbourhood, 2, True
coldly, 2, True
received, 2, True
honoured, 2, True
peeped, 2, True
during, 2, True
maybe, 2, True
truly, 2, True
gills, 2, True
aasking, 2, True
er, 2, True
snatched, 2, True
curious, 2, True
reasons, 2, True
japs, 2, True
awkward, 2, True
advancing, 2, True
racked, 2, True
brains, 2, True
deeper, 2, True
level, 2, True
bars, 2, True
ladder, 2, True
stair, 2, True
grave, 2, True
swing, 2, True
plainly, 2, True
movement, 2, True
1129, 2, True
whiter, 2, True
eleven, 2, True
redfaced, 2, True
bent, 2, True
crushed, 2, True
brief, 2, True
divided, 2, True
knives, 2, True
flag, 2, True
number, 2, True
impatient, 2, True
stretch, 2, True
swayed, 2, True
slackened, 2, True
feebly, 2, True
thump, 2, True
sense, 2, True
trustful, 2, True
bothering, 2, True
needs, 2, True
everybodys, 2, True
szezcpansky, 2, True
described, 2, True
lovingkindness, 2, True
swift, 2, True
enthusiastic, 2, True
courageous, 2, True
inst, 2, True
jabez, 2, True
northern, 2, True
southern, 2, True
indian, 2, True
occasion, 2, True
pretend, 2, True
scrub, 2, True
breeze, 2, True
drying, 2, True
twist, 2, True
rewarded, 2, True
saving, 2, True
oughtnt, 2, True
grandchildren, 2, True
awake, 2, True
curling, 2, True
gilt, 2, True
edges, 2, True
ps, 2, True
easier, 2, True
ironing, 2, True
mantelpiece, 2, True
smart, 2, True
redflannelpetticoat, 2, True
district, 2, True
clapped, 2, True
unlucky, 2, True
lemonade, 2, True
powdered, 2, True
sticky, 2, True
stepped, 2, True
thumping, 2, True
bobbieand, 2, True
waistcoat, 2, True
buttons, 2, True
plates, 2, True
fireworks, 2, True
dozen, 2, True
gay, 2, True
surly, 2, True
race, 2, True
grinned, 2, True
thirtytwo, 2, True
sweetheart, 2, True
nyang, 2, True
canalboats, 2, True
thrown, 2, True
fished, 2, True
alas, 2, True
driven, 2, True
staring, 2, True
crossly, 2, True
deck, 2, True
earand, 2, True
shoving, 2, True
chuck, 2, True
died, 2, True
peace, 2, True
farley, 2, True
marlow, 2, True
lights, 2, True
es, 2, True
wakes, 2, True
softly, 2, True
calmly, 2, True
leaped, 2, True
aside, 2, True
rage, 2, True
elbow, 2, True
struggled, 2, True
lamp, 2, True
lifting, 2, True
wrung, 2, True
warmer, 2, True
comforting, 2, True
a1, 2, True
ye, 2, True
bargewoman, 2, True
horace, 2, True
alight, 2, True
pipe, 2, True
blame, 2, True
bitten, 2, True
halfpenny, 2, True
hayloft, 2, True
chaffcutting, 2, True
respectable, 2, True
asking, 2, True
counted, 2, True
lists, 2, True
tobacco, 2, True
faded, 2, True
drapers, 2, True
stuffed, 2, True
butcher, 2, True
eggs, 2, True
turnpike, 2, True
harm, 2, True
drops, 2, True
patting, 2, True
dusted, 2, True
wheeled, 2, True
creaked, 2, True
extry, 2, True
rule, 2, True
gasped, 2, True
hotter, 2, True
redder, 2, True
thered, 2, True
ounce, 2, True
plan, 2, True
angel, 2, True
heaven, 2, True
disgraced, 2, True
desperately, 2, True
wildly, 2, True
luggage, 2, True
saidand, 2, True
gruffly, 2, True
shoe, 2, True
handsome, 2, True
friendliness, 2, True
workshop, 2, True
parting, 2, True
brothers, 2, True
edward, 2, True
spite, 2, True
planted, 2, True
virginia, 2, True
stock, 2, True
mauve, 2, True
guinea, 2, True
vegetables, 2, True
forts, 2, True
earthworks, 2, True
faintly, 2, True
squeal, 2, True
crutches, 2, True
cousin, 2, True
relieved, 2, True
rot, 2, True
blown, 2, True
suffering, 2, True
winding, 2, True
fifty, 2, True
insides, 2, True
guineapig, 2, True
pile, 2, True
wrapped, 2, True
farther, 2, True
locked, 2, True
verdict, 2, True
sentence, 2, True
pretence, 2, True
teathings, 2, True
jealous, 2, True
initial, 2, True
rejoined, 2, True
spell, 2, True
necks, 2, True
spades, 2, True
planks, 2, True
barrows, 2, True
oldest, 2, True
workman, 2, True
eye, 2, True
sevens, 2, True
gleam, 2, True
whiteness, 2, True
views, 2, True
appear, 2, True
sandwich, 2, True
local, 2, True
provided, 2, True
dim, 2, True
arched, 2, True
dripping, 2, True
lighting, 2, True
milks, 2, True
shuttlecock, 2, True
groan, 2, True
tumble, 2, True
expression, 2, True
knitted, 2, True
directed, 2, True
groaned, 2, True
rum, 2, True
hurting, 2, True
wire, 2, True
disgrace, 2, True
pinhole, 2, True
risks, 2, True
leapt, 2, True
sweat, 2, True
hairy, 2, True
dangerous, 2, True
grumpy, 2, True
flaming, 2, True
senses, 2, True
hurdle, 2, True
northumberland, 2, True
choking, 2, True
stuckup, 2, True
nurses, 2, True
hearing, 2, True
bone, 2, True
attacked, 2, True
interfere, 2, True
holds, 2, True
boner, 2, True
splints, 2, True
rope, 2, True
worked, 2, True
freely, 2, True
stalky, 2, True
retiring, 2, True
agony, 2, True
joke, 2, True
surgery, 2, True
ether, 2, True
softer, 2, True
immensely, 2, True
injured, 2, True
stars, 2, True
sending, 2, True
matron, 2, True
deari, 2, True
although, 2, True
clara, 2, True
ethelwyn, 2, True
blank, 2, True
housework, 2, True
teaching, 2, True
lesson, 2, True
caesar, 2, True
learn, 2, True
stupidness, 2, True
tales, 2, True
minor, 2, True
terts, 2, True
extraordinarily, 2, True
spikes, 2, True
harebells, 2, True
gipsy, 2, True
golden, 2, True
johns, 2, True
wort, 2, True
smashed, 2, True
wedding, 2, True
remarkable, 2, True
nesbit, 1, False
paul, 1, False
bland, 1, False
ignorance, 1, False
confidently, 1, False
shelters, 1, False
contents, 1, False
pantomime, 1, False
zoological, 1, False
madame, 1, False
tussauds, 1, False
suburban, 1, False
redbrickfronted, 1, False
tiled, 1, False
modern, 1, False
convenience, 1, False
houseagents, 1, False
eldest, 1, False
favourites, 1, False
favourite, 1, False
paying, 1, False
dully, 1, False
homelessons, 1, False
occasions, 1, False
christening, 1, False
kittens, 1, False
refurnishing, 1, False
wallpaper, 1, False
nursemaid, 1, False
perfectnever, 1, False
unjust, 1, False
gameat, 1, False
interestingly, 1, False
funnily, 1, False
birthdayhis, 1, False
tenth, 1, False
perfect, 1, False
dreamed, 1, False
fuller, 1, False
lasted, 1, False
perfection, 1, False
inexperience, 1, False
intentions, 1, False
pressing, 1, False
bang, 1, False
tragedies, 1, False
darken, 1, False
sickening, 1, False
grueli, 1, False
barley, 1, False
wateri, 1, False
unfortunate, 1, False
daymy, 1, False
minds, 1, False
perished, 1, False
soothes, 1, False
gnawing, 1, False
grief, 1, False
kill, 1, False
wraps, 1, False
fate, 1, False
refuse, 1, False
curing, 1, False
afflicted, 1, False
veterinary, 1, False
surgeon, 1, False
rockinghorse, 1, False
carpenter, 1, False
cradle, 1, False
glue, 1, False
penknife, 1, False
afterdinner, 1, False
cigar, 1, False
ideabut, 1, False
patience, 1, False
comfy, 1, False
advice, 1, False
hopea, 1, False
brazing, 1, False
valve, 1, False
rainy, 1, False
unenthusiastic, 1, False
robertado, 1, False
stoker, 1, False
twisting, 1, False
firewoman, 1, False
englishmans, 1, False
semidetached, 1, False
villas, 1, False
moats, 1, False
drawbridges, 1, False
ruthshe, 1, False
haircame, 1, False
subscription, 1, False
vicars, 1, False
testimonial, 1, False
choir, 1, False
fund, 1, False
moat, 1, False
princess, 1, False
testimonials, 1, False
funds, 1, False
heaved, 1, False
rung, 1, False
pleasem, 1, False
study, 1, False
mpraps, 1, False
busted, 1, False
redher, 1, False
awayon, 1, False
deador, 1, False
nobodys, 1, False
deadno, 1, False
undress, 1, False
gas, 1, False
lies, 1, False
redheaded, 1, False
mouseystill, 1, False
scorn, 1, False
caring, 1, False
goodygoody, 1, False
preach, 1, False
eggspoon, 1, False
dire, 1, False
calamity, 1, False
effort, 1, False
triumphantly, 1, False
gloves, 1, False
unfastened, 1, False
walkingshoes, 1, False
velvety, 1, False
slippers, 1, False
awayroberta, 1, False
glancesfor, 1, False
cringed, 1, False
shuffled, 1, False
awhat, 1, False
ita, 1, False
germ, 1, False
endearment, 1, False
neatnesswhich, 1, False
smoothing, 1, False
pinafore, 1, False
dullnothing, 1, False
continued, 1, False
meals, 1, False
betweenmaid, 1, False
older, 1, False
abroad, 1, False
dingy, 1, False
littering, 1, False
sewingmachine, 1, False
whiron, 1, False
comic, 1, False
songs, 1, False
imitate, 1, False
hen, 1, False
champagne, 1, False
mew, 1, False
cats, 1, False
hinting, 1, False
choseand, 1, False
booby, 1, False
boxed, 1, False
furiously, 1, False
limb, 1, False
wretchedly, 1, False
pets, 1, False
whirling, 1, False
followednot, 1, False
tables, 1, False
covering, 1, False
tops, 1, False
sacking, 1, False
carpets, 1, False
saucepans, 1, False
warehouse, 1, False
screwdriver, 1, False
cabinet, 1, False
inlaid, 1, False
turtleshell, 1, False
chickabiddy, 1, False
greenbaize, 1, False
aprons, 1, False
spare, 1, False
drawingroom, 1, False
wriggling, 1, False
tucked, 1, False
peterkin, 1, False
filled, 1, False
melancholy, 1, False
draughty, 1, False
baggage, 1, False
puffing, 1, False
disappear, 1, False
grow, 1, False
wonders, 1, False
colder, 1, False
elastic, 1, False
shoelaces, 1, False
puddle, 1, False
gaslamps, 1, False
uphill, 1, False
gritty, 1, False
swaying, 1, False
dimly, 1, False
fieldsand, 1, False
lumpish, 1, False
engaged, 1, False
drippingpan, 1, False
cabbages, 1, False
clattered, 1, False
cobblestoned, 1, False
hammered, 1, False
folks, 1, False
eer, 1, False
glimmer, 1, False
pans, 1, False
brooms, 1, False
grate, 1, False
ashes, 1, False
scampering, 1, False
sudden, 1, False
draught, 1, False
mice, 1, False
werei, 1, False
relighted, 1, False
winky, 1, False
blinky, 1, False
beams, 1, False
muddled, 1, False
maze, 1, False
furniturethe, 1, False
breakfastroom, 1, False
halfarrangement, 1, False
pantry, 1, False
rusty, 1, False
caketin, 1, False
whitening, 1, False
dismayed, 1, False
stepping, 1, False
soapdish, 1, False
responsively, 1, False
unpacking, 1, False
kitchens, 1, False
baconrack, 1, False
securely, 1, False
hammer, 1, False
coalshoveland, 1, False
poker, 1, False
stirring, 1, False
untying, 1, False
shakes, 1, False
scrunch, 1, False
lath, 1, False
candlesthe, 1, False
saucer, 1, False
owls, 1, False
dormice, 1, False
fashionable, 1, False
firelight, 1, False
carved, 1, False
loops, 1, False
piling, 1, False
hiding, 1, False
bravo, 1, False
feast, 1, False
cooking, 1, False
raisins, 1, False
store, 1, False
spoon, 1, False
drunk, 1, False
willowpatterned, 1, False
teacups, 1, False
cuddly, 1, False
aired, 1, False
mouse, 1, False
travelling, 1, False
chime, 1, False
wassermarrer, 1, False
housedont, 1, False
mousequietly, 1, False
spout, 1, False
pumped, 1, False
splashy, 1, False
sparkly, 1, False
roofoh, 1, False
sloped, 1, False
thatch, 1, False
houseleeks, 1, False
stonecrop, 1, False
clump, 1, False
flagflowers, 1, False
edgecombe, 1, False
energy, 1, False
ashtray, 1, False
saltcellar, 1, False
newish, 1, False
bakingtin, 1, False
occupied, 1, False
outbuildings, 1, False
divide, 1, False
hilly, 1, False
hillside, 1, False
contented, 1, False
matterthe, 1, False
roomid, 1, False
saucepan, 1, False
mistaken, 1, False
cupboards, 1, False
joint, 1, False
roast, 1, False
note, 1, False
soninlaw, 1, False
unpack, 1, False
owners, 1, False
suppertime, 1, False
expressive, 1, False
countenances, 1, False
double, 1, False
consisted, 1, False
information, 1, False
guide, 1, False
q, 1, False
fenceand, 1, False
snort, 1, False
slid, 1, False
fan, 1, False
sport, 1, False
toyengines, 1, False
platforms, 1, False
londons, 1, False
trainsor, 1, False
attendance, 1, False
stations, 1, False
clicking, 1, False
machinery, 1, False
travel, 1, False
byjust, 1, False
steppingstones, 1, False
foaming, 1, False
torrents, 1, False
organised, 1, False
arrive, 1, False
freebooting, 1, False
sloping, 1, False
peep, 1, False
almanac, 1, False
retire, 1, False
trucks, 1, False
coalnot, 1, False
building, 1, False
blocks, 1, False
bible, 1, False
infants, 1, False
whitewash, 1, False
coaly, 1, False
lounged, 1, False
twicerepeated, 1, False
tingling, 1, False
gong, 1, False
hastened, 1, False
nicks, 1, False
jest, 1, False
farmhouse, 1, False
baking, 1, False
crock, 1, False
rise, 1, False
poke, 1, False
pan, 1, False
mushroom, 1, False
valleys, 1, False
pleasing, 1, False
seemingly, 1, False
june, 1, False
lances, 1, False
duckylove, 1, False
junecoal, 1, False
romp, 1, False
chickenylove, 1, False
darlingsim, 1, False
shrugged, 1, False
suitable, 1, False
furnishing, 1, False
bandits, 1, False
bandit, 1, False
lieutenant, 1, False
trusty, 1, False
robbers, 1, False
due, 1, False
parent, 1, False
captured, 1, False
maiden, 1, False
magnificent, 1, False
ransomin, 1, False
horsebeanswas, 1, False
unhesitatingly, 1, False
brigands, 1, False
add, 1, False
reckless, 1, False
luxury, 1, False
nowadays, 1, False
mingled, 1, False
rejoinder, 1, False
tempered, 1, False
disdain, 1, False
ideas, 1, False
nobleheartedness, 1, False
itso, 1, False
induced, 1, False
drag, 1, False
devotion, 1, False
dropping, 1, False
horsebeans, 1, False
lone, 1, False
adventureand, 1, False
wrongi, 1, False
coalmines, 1, False
torture, 1, False
threaten, 1, False
condescended, 1, False
greedily, 1, False
regulated, 1, False
families, 1, False
dawning, 1, False
hither, 1, False
retirement, 1, False
oiled, 1, False
noiseless, 1, False
pneumatic, 1, False
bicycle, 1, False
helm, 1, False
probably, 1, False
dauntless, 1, False
brambles, 1, False
halted, 1, False
brushwood, 1, False
wellscarred, 1, False
punctuality, 1, False
despatch, 1, False
orders, 1, False
attended, 1, False
suit, 1, False
customers, 1, False
harnessed, 1, False
braces, 1, False
grasping, 1, False
waistband, 1, False
journeys, 1, False
diamonds, 1, False
complicated, 1, False
wriggles, 1, False
laughter, 1, False
coalmining, 1, False
sodom, 1, False
gomorrah, 1, False
mousehole, 1, False
scrabbling, 1, False
furtively, 1, False
brakevan, 1, False
n, 1, False
s, 1, False
r, 1, False
34576, 1, False
sidings, 1, False
concealment, 1, False
lurked, 1, False
scrabble, 1, False
carpenters, 1, False
clutch, 1, False
coalminer, 1, False
marines, 1, False
whoever, 1, False
stow, 1, False
rip, 1, False
gang, 1, False
truck, 1, False
staveley, 1, False
colliery, 1, False
chalk, 1, False
1, 1, False
spying, 1, False
fellow, 1, False
decide, 1, False
awayand, 1, False
humour, 1, False
mined, 1, False
humoured, 1, False
loosed, 1, False
flickering, 1, False
yonder, 1, False
catechism, 1, False
steal, 1, False
fairly, 1, False
thousands, 1, False
carting, 1, False
kinder, 1, False
spies, 1, False
traitorsthats, 1, False
welland, 1, False
courts, 1, False
snarky, 1, False
plucking, 1, False
spirit, 1, False
crime, 1, False
cared, 1, False
stationbut, 1, False
street, 1, False
omnibuses, 1, False
rumbled, 1, False
carts, 1, False
butchers, 1, False
bakers, 1, False
candlestick, 1, False
makers, 1, False
candlestickmakers, 1, False
link, 1, False
theirs, 1, False
daily, 1, False
107, 1, False
worm, 1, False
wantley, 1, False
midnight, 1, False
fearsome, 1, False
flybynight, 1, False
starshine, 1, False
peeping, 1, False
travelled, 1, False
nicelooking, 1, False
freshcoloured, 1, False
oddshaped, 1, False
collars, 1, False
tophat, 1, False
tame, 1, False
spaniels, 1, False
feed, 1, False
loves, 1, False
pockethandkerchiefs, 1, False
became, 1, False
custom, 1, False
wherever, 1, False
shady, 1, False
retreat, 1, False
weather, 1, False
unattractive, 1, False
gaiters, 1, False
buying, 1, False
sizes, 1, False
colours, 1, False
roost, 1, False
sayhooray, 1, False
celebrate, 1, False
sensibleness, 1, False
globe, 1, False
affair, 1, False
lonely, 1, False
magentacoloured, 1, False
confidentially, 1, False
pennyworth, 1, False
halfpennies, 1, False
sells, 1, False
poem, 1, False
beautifulest, 1, False
inclined, 1, False
thatwelloh, 1, False
straightened, 1, False
yesterday, 1, False
offhand, 1, False
expresspecially, 1, False
invited, 1, False
minutemy, 1, False
philthrowing, 1, False
metal, 1, False
heaving, 1, False
ununungentlemanly, 1, False
unladylike, 1, False
clorinda, 1, False
firewood, 1, False
stake, 1, False
perpetrated, 1, False
outrage, 1, False
honestly, 1, False
unsay, 1, False
sniffling, 1, False
hankie, 1, False
rabbithutch, 1, False
sharper, 1, False
serpent, 1, False
childbut, 1, False
lowe, 1, False
higher, 1, False
ranks, 1, False
weary, 1, False
beforeas, 1, False
pipes, 1, False
serpents, 1, False
holt, 1, False
jerk, 1, False
improperly, 1, False
murdered, 1, False
oncesomeone, 1, False
kidded, 1, False
refreshmentroom, 1, False
expecting, 1, False
weltering, 1, False
mister, 1, False
stout, 1, False
bun, 1, False
discovered, 1, False
knowed, 1, False
welltodo, 1, False
stationery, 1, False
stationer, 1, False
noted, 1, False
379, 1, False
663, 1, False
collection, 1, False
noreally, 1, False
honest, 1, False
fonder, 1, False
teapot, 1, False
quietthe, 1, False
comeand, 1, False
catchy, 1, False
complaints, 1, False
agoing, 1, False
eldestshe, 1, False
important, 1, False
influenza, 1, False
graveairs, 1, False
medicine, 1, False
fever, 1, False
essenceand, 1, False
cheap, 1, False
poison, 1, False
feeble, 1, False
beads, 1, False
boil, 1, False
scragend, 1, False
dinners, 1, False
sponge, 1, False
obeyed, 1, False
support, 1, False
islands, 1, False
frowning, 1, False
pot, 1, False
grates, 1, False
linen, 1, False
spoiling, 1, False
goodbut, 1, False
bedside, 1, False
ohah, 1, False
bei, 1, False
sleeptime, 1, False
neatly, 1, False
stewing, 1, False
showman, 1, False
menagerie, 1, False
points, 1, False
wand, 1, False
scenes, 1, False
palestine, 1, False
magiclantern, 1, False
gravelled, 1, False
borders, 1, False
dampish, 1, False
aford, 1, False
honer, 1, False
iou, 1, False
sined, 1, False
parsel, 1, False
ordered, 1, False
thrice, 1, False
dumped, 1, False
tuppences, 1, False
finds, 1, False
eveningand, 1, False
produced, 1, False
conjurer, 1, False
untruly, 1, False
shavings, 1, False
peaches, 1, False
port, 1, False
cardboard, 1, False
lavender, 1, False
fatter, 1, False
bottles, 1, False
allowing, 1, False
hedge, 1, False
banner, 1, False
arrival, 1, False
response, 1, False
angrier, 1, False
whoopingcough, 1, False
cryingparty, 1, False
affairsits, 1, False
thatwont, 1, False
approveoh, 1, False
approve, 1, False
himand, 1, False
avenging, 1, False
retired, 1, False
himamong, 1, False
headlights, 1, False
shows, 1, False
disguise, 1, False
tails, 1, False
un, 1, False
wasshes, 1, False
shunting, 1, False
tother, 1, False
goods, 1, False
sidejoined, 1, False
rods, 1, False
strengthen, 1, False
emas, 1, False
wins, 1, False
races, 1, False
schoolso, 1, False
speed, 1, False
oftener, 1, False
beindand, 1, False
sos, 1, False
requested, 1, False
feverish, 1, False
buds, 1, False
syringas, 1, False
american, 1, False
currants, 1, False
crosses, 1, False
leads, 1, False
regents, 1, False
firston, 1, False
moors, 1, False
themthe, 1, False
steered, 1, False
trampled, 1, False
mud, 1, False
towropes, 1, False
lumps, 1, False
bootlaceand, 1, False
nobut, 1, False
skip, 1, False
drive, 1, False
roundwhich, 1, False
teai, 1, False
oats, 1, False
apron, 1, False
extravaganti, 1, False
expensive, 1, False
doctoring, 1, False
poorer, 1, False
youandoh, 1, False
special, 1, False
brandnew, 1, False
aquewhats, 1, False
shrubs, 1, False
cracks, 1, False
owna, 1, False
rome, 1, False
romans, 1, False
nuts, 1, False
aqueducts, 1, False
engineeringmaking, 1, False
fortifications, 1, False
bills, 1, False
packages, 1, False
singingto, 1, False
patricks, 1, False
fouryearold, 1, False
verse, 1, False
fours, 1, False
fete, 1, False
pleasures, 1, False
fates, 1, False
happiest, 1, False
lifes, 1, False
skies, 1, False
cheers, 1, False
cryyou, 1, False
pricking, 1, False
vases, 1, False
admired, 1, False
wishes, 1, False
flowerswallflowers, 1, False
teatraythere, 1, False
ring, 1, False
blooms, 1, False
wallflower, 1, False
mapa, 1, False
map, 1, False
lookthose, 1, False
metalsand, 1, False
signalboxes, 1, False
hereand, 1, False
gentlemanthats, 1, False
pansy, 1, False
primroses, 1, False
rosebud, 1, False
adored, 1, False
steamengine, 1, False
lined, 1, False
munificence, 1, False
promptly, 1, False
littlenot, 1, False
halves, 1, False
birthdayyes, 1, False
themany, 1, False
likedand, 1, False
choice, 1, False
blindmansbuff, 1, False
crookedly, 1, False
calm, 1, False
wouldntshe, 1, False
presentsfor, 1, False
separated, 1, False
nightmother, 1, False
secretly, 1, False
shopping, 1, False
crisscross, 1, False
assure, 1, False
pitied, 1, False
everyday, 1, False
alongside, 1, False
platformthe, 1, False
limp, 1, False
hose, 1, False
elephants, 1, False
upline, 1, False
larger, 1, False
softas, 1, False
silkworms, 1, False
robertabut, 1, False
clambered, 1, False
base, 1, False
weaknesses, 1, False
fellows, 1, False
slightest, 1, False
hundreds, 1, False
engineburglarthats, 1, False
impossible, 1, False
blestor, 1, False
daring, 1, False
seat, 1, False
placeon, 1, False
enginereally, 1, False
engineand, 1, False
encouragingly, 1, False
meand, 1, False
armquite, 1, False
coalsand, 1, False
crossoh, 1, False
tumbles, 1, False
bunker, 1, False
foreh, 1, False
mate, 1, False
matei, 1, False
scorch, 1, False
lurched, 1, False
shovelled, 1, False
unrolled, 1, False
disclosed, 1, False
wistfully, 1, False
mebecause, 1, False
enginedriverwhatever, 1, False
tinkering, 1, False
reallydo, 1, False
wink, 1, False
trades, 1, False
mending, 1, False
houtsize, 1, False
ow, 1, False
agoin, 1, False
sorrowing, 1, False
thirdclass, 1, False
backhonour, 1, False
confidence, 1, False
trick, 1, False
newspapersreally, 1, False
relenting, 1, False
enginejimaint, 1, False
neer, 1, False
pal, 1, False
soldering, 1, False
bounder, 1, False
inwhat, 1, False
mentally, 1, False
registering, 1, False
eres, 1, False
automatic, 1, False
flattered, 1, False
handledo, 1, False
canand, 1, False
stops, 1, False
science, 1, False
dials, 1, False
gained, 1, False
forever, 1, False
stumbling, 1, False
uninvited, 1, False
stacklepoole, 1, False
junction, 1, False
expressions, 1, False
mutual, 1, False
regard, 1, False
returning, 1, False
traina, 1, False
theirsand, 1, False
fastnesses, 1, False
communication, 1, False
smelt, 1, False
fishy, 1, False
wetness, 1, False
hollows, 1, False
corrugated, 1, False
drained, 1, False
plaice, 1, False
cod, 1, False
mackerel, 1, False
soles, 1, False
smelts, 1, False
appointed, 1, False
319s, 1, False
transit, 1, False
introduced, 1, False
unworthy, 1, False
reposed, 1, False
literally, 1, False
goodbyeoh, 1, False
youand, 1, False
self, 1, False
leaps, 1, False
arriving, 1, False
punctual, 1, False
unlikely, 1, False
delights, 1, False
rivers, 1, False
july, 1, False
flocks, 1, False
clouds, 1, False
herds, 1, False
dreamelephants, 1, False
stung, 1, False
slantwise, 1, False
besieged, 1, False
arrows, 1, False
foe, 1, False
striking, 1, False
battlements, 1, False
gardensquirt, 1, False
bleak, 1, False
shelter, 1, False
downpassengers, 1, False
incident, 1, False
raining, 1, False
pleasantly, 1, False
advertisements, 1, False
crambo, 1, False
players, 1, False
fox, 1, False
sits, 1, False
raftlike, 1, False
blacked, 1, False
coaldust, 1, False
spidery, 1, False
somebodys, 1, False
fluid, 1, False
sphinx, 1, False
whatshisnames, 1, False
personally, 1, False
conducted, 1, False
nile, 1, False
ting, 1, False
numbered, 1, False
courtesies, 1, False
acceptance, 1, False
moist, 1, False
greasy, 1, False
package, 1, False
toffee, 1, False
charmed, 1, False
attention, 1, False
request, 1, False
horf, 1, False
freedom, 1, False
joys, 1, False
procession, 1, False
excitement, 1, False
somethings, 1, False
crowds, 1, False
evident, 1, False
farmerishlooking, 1, False
court, 1, False
infirmary, 1, False
official, 1, False
thenmove, 1, False
thrilled, 1, False
bedeuten, 1, False
zeiten, 1, False
bin, 1, False
sin, 1, False
terms, 1, False
boulogne, 1, False
rank, 1, False
manthe, 1, False
beforea, 1, False
farmerman, 1, False
parlay, 1, False
voo, 1, False
frongsay, 1, False
recoiled, 1, False
sprung, 1, False
forth, 1, False
flood, 1, False
figure, 1, False
timid, 1, False
inquisitive, 1, False
travellers, 1, False
reluctantly, 1, False
hesitation, 1, False
comprenny, 1, False
blushing, 1, False
press, 1, False
cowered, 1, False
coughing, 1, False
doeslook, 1, False
foxs, 1, False
thingsthings, 1, False
class, 1, False
hunted, 1, False
actually, 1, False
attendre, 1, False
mere, 1, False
parlez, 1, False
francais, 1, False
nouswhats, 1, False
nous, 1, False
etre, 1, False
inmost, 1, False
sanctuary, 1, False
grumbling, 1, False
ticketdoesnt, 1, False
fortune, 1, False
uncommon, 1, False
moderately, 1, False
visible, 1, False
benefit, 1, False
nations, 1, False
credit, 1, False
italian, 1, False
norwegian, 1, False
stampthe, 1, False
wasand, 1, False
spanish, 1, False
searched, 1, False
gesture, 1, False
contained, 1, False
wasin, 1, False
kipling, 1, False
doubtful, 1, False
coughed, 1, False
swish, 1, False
incoming, 1, False
haltingly, 1, False
sentences, 1, False
pitying, 1, False
indignant, 1, False
restrain, 1, False
frozen, 1, False
viper, 1, False
booksbeautiful, 1, False
booksive, 1, False
gratitude, 1, False
offered, 1, False
sittingroom, 1, False
weeding, 1, False
pansybed, 1, False
cough, 1, False
blaze, 1, False
sipping, 1, False
coughs, 1, False
cured, 1, False
thoughand, 1, False
outmens, 1, False
clothesand, 1, False
mens, 1, False
marked, 1, False
clasping, 1, False
motherdaddy, 1, False
isntisnt, 1, False
resolution, 1, False
eager, 1, False
hopped, 1, False
dragging, 1, False
quilt, 1, False
peacock, 1, False
snuggled, 1, False
writer, 1, False
czar, 1, False
dungeon, 1, False
bookthe, 1, False
inquisition, 1, False
convict, 1, False
chained, 1, False
convictswicked, 1, False
crimesa, 1, False
overseers, 1, False
whipsyes, 1, False
whipsto, 1, False
condemned, 1, False
lifefor, 1, False
volunteer, 1, False
volunteered, 1, False
cowardly, 1, False
itsaid, 1, False
peterto, 1, False
message, 1, False
practical, 1, False
purse, 1, False
themi, 1, False
perceived, 1, False
prayers, 1, False
hemmed, 1, False
trousers, 1, False
whereabouts, 1, False
chimneysshe, 1, False
thembut, 1, False
peoplemembers, 1, False
storywriting, 1, False
corrected, 1, False
proofs, 1, False
apt, 1, False
hyaena, 1, False
surrounded, 1, False
fading, 1, False
bunches, 1, False
clover, 1, False
canterbury, 1, False
promising, 1, False
recollect, 1, False
charms, 1, False
distress, 1, False
ighly, 1, False
loftily, 1, False
alarmed, 1, False
form, 1, False
appens, 1, False
elsewhere, 1, False
welcome, 1, False
secretchamber, 1, False
rapidly, 1, False
examined, 1, False
shaken, 1, False
avent, 1, False
refolded, 1, False
crimes, 1, False
punished, 1, False
foras, 1, False
ladyship, 1, False
shuts, 1, False
rattrap, 1, False
affairs, 1, False
nipped, 1, False
meyoure, 1, False
perksphyllis, 1, False
strawberriesinformation, 1, False
locomotives, 1, False
wewantedtotellyouonlywethoughtitwouldbestalenews, 1, False
apologies, 1, False
itwhatever, 1, False
cos, 1, False
nature, 1, False
politics, 1, False
longaired, 1, False
jap, 1, False
cruel, 1, False
praps, 1, False
foreigners, 1, False
tarred, 1, False
liberals, 1, False
conservatives, 1, False
314, 1, False
narrowed, 1, False
delighted, 1, False
racking, 1, False
novel, 1, False
occurred, 1, False
birches, 1, False
beeches, 1, False
oaks, 1, False
hazels, 1, False
snow, 1, False
gorge, 1, False
hewn, 1, False
glen, 1, False
birds, 1, False
crannies, 1, False
root, 1, False
overhung, 1, False
flight, 1, False
linejust, 1, False
eartha, 1, False
blossoms, 1, False
indeeda, 1, False
whir, 1, False
whispering, 1, False
lookcried, 1, False
suddenlythe, 1, False
berries, 1, False
scarlet, 1, False
disappoint, 1, False
blows, 1, False
macbeth, 1, False
enchanted, 1, False
opposite, 1, False
rear, 1, False
shepherd, 1, False
flock, 1, False
sheep, 1, False
ceasing, 1, False
hesitate, 1, False
crash, 1, False
dust, 1, False
awestruck, 1, False
inif, 1, False
frightful, 1, False
businesslike, 1, False
thinner, 1, False
toneour, 1, False
skirting, 1, False
largest, 1, False
notphyllis, 1, False
falteredyoure, 1, False
sternness, 1, False
flagstaffs, 1, False
saplings, 1, False
stripped, 1, False
rightly, 1, False
calculated, 1, False
relaxed, 1, False
chosen, 1, False
suspense, 1, False
crashing, 1, False
distant, 1, False
rumble, 1, False
nearing, 1, False
loosened, 1, False
tremble, 1, False
enormous, 1, False
harsh, 1, False
oncoming, 1, False
hadfor, 1, False
swiftly, 1, False
excited, 1, False
jerkily, 1, False
gripping, 1, False
fainting, 1, False
heroes, 1, False
agitated, 1, False
meeting, 1, False
praises, 1, False
ingenuity, 1, False
anybodys, 1, False
heroine, 1, False
delicious, 1, False
observe, 1, False
oddly, 1, False
tolerably, 1, False
rare, 1, False
accomplishment, 1, False
unhappyand, 1, False
practice, 1, False
happenedand, 1, False
happenedsuch, 1, False
picnics, 1, False
members, 1, False
quality, 1, False
interfering, 1, False
businessand, 1, False
dogs, 1, False
stiles, 1, False
ver, 1, False
fancied, 1, False
wreck, 1, False
screaming, 1, False
itjust, 1, False
ladiesit, 1, False
commemoration, 1, False
warning, 1, False
averting, 1, False
humanly, 1, False
30th, 1, False
faithfully, 1, False
inglewood, 1, False
secretary, 1, False
co, 1, False
prouder, 1, False
muslins, 1, False
outofdoors, 1, False
washerwomen, 1, False
france, 1, False
deer, 1, False
lending, 1, False
hopping, 1, False
greatly, 1, False
frothylatheryand, 1, False
dirt, 1, False
clumsy, 1, False
tablecloths, 1, False
gloire, 1, False
de, 1, False
dijon, 1, False
daythats, 1, False
squeezing, 1, False
professional, 1, False
soapy, 1, False
rinse, 1, False
duly, 1, False
pegs, 1, False
wiped, 1, False
elephantbut, 1, False
models, 1, False
steamengines, 1, False
scene, 1, False
prevented, 1, False
towel, 1, False
roller, 1, False
scullery, 1, False
downrightly, 1, False
victoria, 1, False
medals, 1, False
warned, 1, False
trances, 1, False
domestic, 1, False
hearth, 1, False
sayweve, 1, False
scalloped, 1, False
fourleaved, 1, False
shamrocks, 1, False
spoiled, 1, False
copy, 1, False
inglewoodthank, 1, False
affecate, 1, False
ohi, 1, False
lastit, 1, False
afterit, 1, False
themin, 1, False
onceand, 1, False
downand, 1, False
ledgesgreen, 1, False
holly, 1, False
laurel, 1, False
framed, 1, False
beauties, 1, False
devon, 1, False
paris, 1, False
lyons, 1, False
portertwo, 1, False
hats, 1, False
coatsbesides, 1, False
recognized, 1, False
elses, 1, False
spectaclesthey, 1, False
superintendentbegan, 1, False
speechvery, 1, False
secondly, 1, False
blush, 1, False
thirdly, 1, False
bravery, 1, False
presence, 1, False
prizegiving, 1, False
engraved, 1, False
watchs, 1, False
owner, 1, False
directors, 1, False
recognition, 1, False
averted, 1, False
1905, 1, False
imagine, 1, False
husky, 1, False
treasure, 1, False
livesbut, 1, False
saythank, 1, False
superintendent, 1, False
politeness, 1, False
daythe, 1, False
publiclike, 1, False
captive, 1, False
approved, 1, False
dress, 1, False
changeand, 1, False
blow, 1, False
stains, 1, False
gutter, 1, False
aged, 1, False
weakness, 1, False
shyness, 1, False
tip, 1, False
steamengineright, 1, False
sash, 1, False
sashes, 1, False
caremine, 1, False
poetrybook, 1, False
bootsif, 1, False
onhell, 1, False
idiots, 1, False
gloomily, 1, False
perspiring, 1, False
direction, 1, False
howand, 1, False
wasfryingpansky, 1, False
pencil, 1, False
pencilcase, 1, False
sweetsmelling, 1, False
page, 1, False
shepansky, 1, False
goldrimmed, 1, False
spectacles, 1, False
translated, 1, False
european, 1, False
booka, 1, False
inlike, 1, False
samaritan, 1, False
youngstersyour, 1, False
astonishment, 1, False
resolved, 1, False
flatter, 1, False
flourish, 1, False
onlyif, 1, False
thisvery, 1, False
yourselves, 1, False
stricken, 1, False
examination, 1, False
agestheir, 1, False
businesshow, 1, False
herring, 1, False
halfpence, 1, False
entered, 1, False
undoneand, 1, False
thoughtful, 1, False
drinks, 1, False
flushing, 1, False
alllet, 1, False
tasted, 1, False
goodbyes, 1, False
todaylike, 1, False
latimer, 1, False
burnedand, 1, False
interview, 1, False
biggest, 1, False
515, 1, False
straggling, 1, False
villageand, 1, False
nowhere, 1, False
scrambling, 1, False
winking, 1, False
runand, 1, False
childand, 1, False
gardenwhen, 1, False
exilebobbie, 1, False
leap, 1, False
tremblea, 1, False
longing, 1, False
reverentlyand, 1, False
endless, 1, False
cakes, 1, False
goodies, 1, False
childrenbut, 1, False
guessed, 1, False
unheardof, 1, False
layers, 1, False
chocolates, 1, False
belongings, 1, False
friendand, 1, False
friendthey, 1, False
dearly, 1, False
fortunate, 1, False
madam, 1, False
ungratefulbut, 1, False
gracious, 1, False
bows, 1, False
joyfully, 1, False
embracing, 1, False
longlost, 1, False
tighten, 1, False
firemen, 1, False
approval, 1, False
oneand, 1, False
ownand, 1, False
granted, 1, False
favoured, 1, False
whens, 1, False
almanacs, 1, False
turnovers, 1, False
tipping, 1, False
sometime, 1, False
agoor, 1, False
sixty, 1, False
seventy, 1, False
approachableless, 1, False
powerful, 1, False
gut, 1, False
postman, 1, False
disagreeably, 1, False
brekkertoast, 1, False
timesmuch, 1, False
havehe, 1, False
exchange, 1, False
grandly, 1, False
splendour, 1, False
shadowno, 1, False
ripple, 1, False
surface, 1, False
satin, 1, False
dusky, 1, False
silk, 1, False
meadows, 1, False
banks, 1, False
towpath, 1, False
remind, 1, False
fought, 1, False
baited, 1, False
vain, 1, False
nibble, 1, False
nourish, 1, False
intent, 1, False
sluggish, 1, False
harboured, 1, False
minnow, 1, False
luck, 1, False
moored, 1, False
fore, 1, False
aftand, 1, False
palings, 1, False
crowbars, 1, False
growled, 1, False
unison, 1, False
bolt, 1, False
beefy, 1, False
misjudged, 1, False
downset, 1, False
shaketook, 1, False
erenot, 1, False
tightening, 1, False
crimson, 1, False
countenance, 1, False
twistnot, 1, False
onebut, 1, False
impetuously, 1, False
temperately, 1, False
descent, 1, False
jerseyed, 1, False
ashoving, 1, False
pardonand, 1, False
mria, 1, False
plaid, 1, False
shawl, 1, False
slouched, 1, False
insisted, 1, False
public, 1, False
property, 1, False
bounced, 1, False
gallant, 1, False
footsteps, 1, False
notes, 1, False
sedgewarblers, 1, False
sang, 1, False
bailey, 1, False
thickly, 1, False
soothingly, 1, False
ahem, 1, False
barks, 1, False
worsen, 1, False
terrors, 1, False
puppypie, 1, False
wherefore, 1, False
pison, 1, False
bargemaster, 1, False
reglar, 1, False
finer, 1, False
womans, 1, False
brightened, 1, False
spots, 1, False
birthdayll, 1, False
boat, 1, False
timebut, 1, False
rising, 1, False
firethats, 1, False
ohhow, 1, False
mooring, 1, False
slack, 1, False
drift, 1, False
firstthen, 1, False
roughness, 1, False
weep, 1, False
bruised, 1, False
nonot, 1, False
youme, 1, False
soaked, 1, False
breast, 1, False
glowed, 1, False
paraffin, 1, False
mist, 1, False
babywhere, 1, False
knowbut, 1, False
tumbling, 1, False
snapped, 1, False
legtried, 1, False
staggering, 1, False
smoothhaired, 1, False
heregive, 1, False
squirmed, 1, False
whimpered, 1, False
knickerbocker, 1, False
oldfashioned, 1, False
wives, 1, False
drinking, 1, False
toasting, 1, False
glowing, 1, False
basketful, 1, False
hooded, 1, False
acquaintances, 1, False
society, 1, False
considered, 1, False
wrongsalways, 1, False
thrilling, 1, False
hout, 1, False
namin, 1, False
dye, 1, False
lotter, 1, False
paints, 1, False
stem, 1, False
wot, 1, False
fustrate, 1, False
dew, 1, False
yerself, 1, False
murmur, 1, False
doorcrying, 1, False
stupefied, 1, False
midair, 1, False
paralysed, 1, False
thirsty, 1, False
mouths, 1, False
cabins, 1, False
onits, 1, False
alehouse, 1, False
breathe, 1, False
approaching, 1, False
reproachfully, 1, False
unfamiliar, 1, False
dipped, 1, False
pails, 1, False
babyand, 1, False
toocuddled, 1, False
lord, 1, False
ash, 1, False
smouldered, 1, False
flame, 1, False
bargemen, 1, False
disentangled, 1, False
incoherent, 1, False
narrative, 1, False
owned, 1, False
otherwise, 1, False
obstacles, 1, False
accepting, 1, False
cordial, 1, False
invitation, 1, False
entire, 1, False
trip, 1, False
nineteen, 1, False
soda, 1, False
smoothly, 1, False
overhead, 1, False
locksyou, 1, False
gates, 1, False
slowlyyou, 1, False
ages, 1, False
agesand, 1, False
treat, 1, False
pals, 1, False
unfriends, 1, False
chicks, 1, False
dearand, 1, False
horaces, 1, False
loyally, 1, False
breakfasttime, 1, False
poured, 1, False
ladled, 1, False
porridge, 1, False
king, 1, False
mussels, 1, False
baked, 1, False
thursday, 1, False
keepnot, 1, False
secretsbut, 1, False
antiantipate, 1, False
anticipate, 1, False
albert, 1, False
celebration, 1, False
council, 1, False
hayracks, 1, False
mangers, 1, False
trimmings, 1, False
trim, 1, False
middleaged, 1, False
crusty, 1, False
pocketbook, 1, False
woollen, 1, False
scarf, 1, False
slightly, 1, False
squirrel, 1, False
cottage, 1, False
honeycomb, 1, False
cobbler, 1, False
blacksmiths, 1, False
necktie, 1, False
counter, 1, False
plans, 1, False
depends, 1, False
outgrown, 1, False
scribble, 1, False
happily, 1, False
whites, 1, False
mix, 1, False
cochineal, 1, False
cone, 1, False
eggsugar, 1, False
sugarink, 1, False
cool, 1, False
collect, 1, False
skipped, 1, False
throwing, 1, False
around, 1, False
ladys, 1, False
souls, 1, False
woodlodge, 1, False
sighing, 1, False
peppermint, 1, False
collected, 1, False
ledge, 1, False
sorrel, 1, False
feathery, 1, False
flowery, 1, False
grasses, 1, False
splashing, 1, False
achanging, 1, False
freshly, 1, False
scrubbed, 1, False
buttoning, 1, False
bodice, 1, False
cleanup, 1, False
mewere, 1, False
horrified, 1, False
bursting, 1, False
shinyfaced, 1, False
scowled, 1, False
intruders, 1, False
corn, 1, False
chandler, 1, False
failed, 1, False
beaming, 1, False
jars, 1, False
teatable, 1, False
prince, 1, False
uns, 1, False
allwhen, 1, False
unlatched, 1, False
latch, 1, False
pushing, 1, False
openmouthed, 1, False
washhouses, 1, False
including, 1, False
mangle, 1, False
copper, 1, False
setout, 1, False
bundles, 1, False
sweetstuff, 1, False
horror, 1, False
charitable, 1, False
aboutthe, 1, False
favours, 1, False
goingson, 1, False
ems, 1, False
alistening, 1, False
speaks, 1, False
strides, 1, False
openas, 1, False
complained, 1, False
braver, 1, False
ha, 1, False
nonor, 1, False
elbowchair, 1, False
withering, 1, False
tricks, 1, False
acquainted, 1, False
deliberately, 1, False
grated, 1, False
likeand, 1, False
debt, 1, False
laughingstock, 1, False
whined, 1, False
grudgingly, 1, False
fumbling, 1, False
miserably, 1, False
carefulbecausebut, 1, False
swallow, 1, False
husband, 1, False
missy, 1, False
paused, 1, False
mas, 1, False
frocks, 1, False
firstit, 1, False
saidwhere, 1, False
trifle, 1, False
wayand, 1, False
ladand, 1, False
roosti, 1, False
ours, 1, False
contrary, 1, False
everybodyll, 1, False
wheeling, 1, False
oddlooking, 1, False
screwedup, 1, False
presentsthough, 1, False
collectionbut, 1, False
ridiculous, 1, False
hisself, 1, False
respects, 1, False
humph, 1, False
garland, 1, False
friendship, 1, False
poetical, 1, False
aggravatingest, 1, False
ashamed, 1, False
youi, 1, False
gal, 1, False
charitys, 1, False
abide, 1, False
perkses, 1, False
success, 1, False
undoubted, 1, False
delayed, 1, False
visits, 1, False
reflectively, 1, False
drat, 1, False
rug, 1, False
windowsills, 1, False
uncurtained, 1, False
meadow, 1, False
moorland, 1, False
unchanging, 1, False
changefulness, 1, False
motherlove, 1, False
print, 1, False
handfuls, 1, False
ache, 1, False
noyesnot, 1, False
forgetting, 1, False
iyou, 1, False
ruffled, 1, False
sorrowoh, 1, False
terribleworse, 1, False
voicei, 1, False
butthe, 1, False
troubleit, 1, False
toand, 1, False
methe, 1, False
countrytales, 1, False
adventurous, 1, False
mischief, 1, False
reggies, 1, False
ceylonyes, 1, False
remembers, 1, False
reggieand, 1, False
reggie, 1, False
closely, 1, False
mummyi, 1, False
doi, 1, False
deadlike, 1, False
edwardmother, 1, False
nearer, 1, False
shindy, 1, False
south, 1, False
border, 1, False
peach, 1, False
plant, 1, False
mignonette, 1, False
nasturtium, 1, False
justified, 1, False
faith, 1, False
weed, 1, False
comfortably, 1, False
saves, 1, False
sowed, 1, False
vegetable, 1, False
hiscarrots, 1, False
onions, 1, False
turnips, 1, False
blackandwhite, 1, False
woodandplaster, 1, False
beyond, 1, False
turkeys, 1, False
fowls, 1, False
amiable, 1, False
digging, 1, False
canals, 1, False
rarely, 1, False
soil, 1, False
disturbed, 1, False
purposes, 1, False
irrigation, 1, False
shrivelled, 1, False
withered, 1, False
doornails, 1, False
bonfires, 1, False
dig, 1, False
pansies, 1, False
stocks, 1, False
willies, 1, False
praised, 1, False
bonfire, 1, False
guy, 1, False
fawkes, 1, False
meanwhile, 1, False
flatten, 1, False
railwaytunnel, 1, False
embankment, 1, False
thorny, 1, False
busily, 1, False
heated, 1, False
argument, 1, False
defiant, 1, False
donti, 1, False
instantly, 1, False
rememberbut, 1, False
whiny, 1, False
kiddy, 1, False
recognised, 1, False
indicating, 1, False
highwater, 1, False
reply, 1, False
flashing, 1, False
rays, 1, False
hideous, 1, False
beginnings, 1, False
toothache, 1, False
hates, 1, False
insulting, 1, False
pullingly, 1, False
staggered, 1, False
backward, 1, False
momentlong, 1, False
frighten, 1, False
upscreamed, 1, False
onceturned, 1, False
pig, 1, False
kneeling, 1, False
fury, 1, False
huffily, 1, False
lap, 1, False
dripped, 1, False
ankle, 1, False
smears, 1, False
watera, 1, False
basinful, 1, False
bathed, 1, False
helpless, 1, False
cripple, 1, False
sole, 1, False
log, 1, False
reflecting, 1, False
possibilities, 1, False
lawk, 1, False
mercy, 1, False
trug, 1, False
greenleaved, 1, False
rakethree, 1, False
gaping, 1, False
bail, 1, False
hayfork, 1, False
hayfield, 1, False
fork, 1, False
kindearted, 1, False
heartening, 1, False
reminiscence, 1, False
gardening, 1, False
pop, 1, False
bandaged, 1, False
nimble, 1, False
instructions, 1, False
filling, 1, False
quarrelled, 1, False
drivel, 1, False
hoe, 1, False
sundayschool, 1, False
reader, 1, False
suffered, 1, False
difficulty, 1, False
household, 1, False
quarrellingnot, 1, False
agree, 1, False
wax, 1, False
isdont, 1, False
priggishness, 1, False
magnanimously, 1, False
bury, 1, False
hatchet, 1, False
fathoms, 1, False
pillows, 1, False
bolsters, 1, False
rugs, 1, False
priggish, 1, False
observed, 1, False
helps, 1, False
visitors, 1, False
hows, 1, False
thanks, 1, False
bored, 1, False
regretfully, 1, False
oily, 1, False
cotton, 1, False
waste, 1, False
snigsons, 1, False
boyhim, 1, False
pewmonia, 1, False
illustrated, 1, False
inches, 1, False
mess, 1, False
paintbox, 1, False
chalks, 1, False
levelcrossing, 1, False
idly, 1, False
printing, 1, False
clutched, 1, False
onthe, 1, False
offshe, 1, False
tiptoe, 1, False
icy, 1, False
uneven, 1, False
headed, 1, False
penal, 1, False
servitude, 1, False
crushing, 1, False
truei, 1, False
hammering, 1, False
teas, 1, False
parceljust, 1, False
thathad, 1, False
bravely, 1, False
successful, 1, False
pinklidded, 1, False
tearblotches, 1, False
jumping, 1, False
teatray, 1, False
aches, 1, False
imploring, 1, False
messagenot, 1, False
meal, 1, False
distressed, 1, False
obvious, 1, False
limited, 1, False
startlingly, 1, False
intervals, 1, False
fetching, 1, False
wiping, 1, False
spilt, 1, False
herthe, 1, False
waterjug, 1, False
storks, 1, False
belongs, 1, False
cuddled, 1, False
arrest, 1, False
charging, 1, False
selling, 1, False
russianswith, 1, False
traitor, 1, False
evidenceletters, 1, False
convinced, 1, False
jury, 1, False
evidence, 1, False
hotly, 1, False
shoved, 1, False
lawyers, 1, False
knowi, 1, False
daddys, 1, False
hewhen, 1, False
happenedhe, 1, False
bitterly, 1, False
softlyto, 1, False
bravest, 1, False
enjoy, 1, False
drilled, 1, False
suspected, 1, False
listens, 1, False
treason, 1, False
englishman, 1, False
uncapable, 1, False
methere, 1, False
tryjust, 1, False
remain, 1, False
affectionately, 1, False
regards, 1, False
writingbut, 1, False
cuttingout, 1, False
walltopfor, 1, False
reach, 1, False
rounded, 1, False
objects, 1, False
sausages, 1, False
eaves, 1, False
wool, 1, False
virtue, 1, False
vaguely, 1, False
nestsarent, 1, False
grasp, 1, False
goat, 1, False
retorted, 1, False
nya, 1, False
ivy, 1, False
sparrows, 1, False
sopping, 1, False
egglaying, 1, False
f, 1, False
certainsure, 1, False
insisting, 1, False
valentines, 1, False
pigeon, 1, False
grammar, 1, False
powers, 1, False
landslip, 1, False
wrecked, 1, False
shovels, 1, False
cindery, 1, False
hanging, 1, False
skylight, 1, False
harea, 1, False
bigboned, 1, False
looselimbed, 1, False
bylaws, 1, False
bates, 1, False
report, 1, False
spoil, 1, False
sports, 1, False
forbidden, 1, False
murmured, 1, False
crossed, 1, False
pretences, 1, False
art, 1, False
ofs, 1, False
track, 1, False
blots, 1, False
ladderlike, 1, False
foremost, 1, False
extinguished, 1, False
counsel, 1, False
rabbit, 1, False
alps, 1, False
andes, 1, False
himmy, 1, False
mount, 1, False
everlasting, 1, False
climbing, 1, False
creeping, 1, False
openings, 1, False
trunks, 1, False
halt, 1, False
turfed, 1, False
tableland, 1, False
dotted, 1, False
mossy, 1, False
mountainash, 1, False
rests, 1, False
sea, 1, False
counties, 1, False
straddling, 1, False
slap, 1, False
centipede, 1, False
towns, 1, False
spires, 1, False
pens, 1, False
inkstand, 1, False
banners, 1, False
shine, 1, False
lose, 1, False
loads, 1, False
mouththey, 1, False
couple, 1, False
reckoning, 1, False
hillthere, 1, False
lairs, 1, False
partially, 1, False
appeased, 1, False
overgrown, 1, False
creepers, 1, False
houndsby, 1, False
sevensand, 1, False
lagged, 1, False
allnow, 1, False
tulgy, 1, False
spunchuck, 1, False
manholes, 1, False
roundabout, 1, False
slippery, 1, False
dogwood, 1, False
joined, 1, False
wailed, 1, False
sandwiches, 1, False
strength, 1, False
impressively, 1, False
accidentthats, 1, False
unresisting, 1, False
prey, 1, False
bolting, 1, False
gives, 1, False
nightwith, 1, False
puffs, 1, False
cloudy, 1, False
straps, 1, False
dip, 1, False
straightcut, 1, False
hawthorn, 1, False
hedges, 1, False
tread, 1, False
shifting, 1, False
sliding, 1, False
curves, 1, False
downwards, 1, False
slimy, 1, False
oozy, 1, False
trickles, 1, False
sickly, 1, False
gathers, 1, False
pitch, 1, False
andwhats, 1, False
buzzing, 1, False
struggling, 1, False
heels, 1, False
baths, 1, False
recess, 1, False
roared, 1, False
deafen, 1, False
distance, 1, False
brighter, 1, False
dragoni, 1, False
wasit, 1, False
shouting, 1, False
dazzling, 1, False
blast, 1, False
hurtled, 1, False
clanging, 1, False
jangling, 1, False
echoing, 1, False
vaulted, 1, False
gradually, 1, False
whiz, 1, False
severely, 1, False
grease, 1, False
streak, 1, False
wrist, 1, False
quicker, 1, False
pebbly, 1, False
limply, 1, False
screwing, 1, False
bathe, 1, False
exasperated, 1, False
warmish, 1, False
unconscious, 1, False
faintwith, 1, False
thrusting, 1, False
bleating, 1, False
veins, 1, False
notim, 1, False
kiddie, 1, False
tripped, 1, False
gee, 1, False
whillikins, 1, False
didall, 1, False
rescue, 1, False
pluck, 1, False
modesty, 1, False
dying, 1, False
melet, 1, False
longest, 1, False
ohbe, 1, False
leaving, 1, False
goand, 1, False
nuns, 1, False
bricked, 1, False
convent, 1, False
adjective, 1, False
managea, 1, False
thumbnail, 1, False
cushionah, 1, False
statue, 1, False
cushion, 1, False
shrinking, 1, False
ohno, 1, False
doesntits, 1, False
saybobbie, 1, False
philthats, 1, False
thati, 1, False
wishing, 1, False
somebody, 1, False
squeezed, 1, False
hanky, 1, False
bobbienot, 1, False
scent, 1, False
vinegar, 1, False
george, 1, False
blackvelvety, 1, False
blackness, 1, False
notnot, 1, False
material, 1, False
tokens, 1, False
affection, 1, False
pawings, 1, False
detested, 1, False
bearable, 1, False
paw, 1, False
sufferings, 1, False
tramped, 1, False
jagged, 1, False
slit, 1, False
tripping, 1, False
phyllisand, 1, False
troublesuch, 1, False
impositions, 1, False
nevernever, 1, False
againlove, 1, False
hurray, 1, False
tunnellooks, 1, False
largerblue, 1, False
sweeter, 1, False
thousand, 1, False
millions, 1, False
jerseys, 1, False
skunks, 1, False
signalmen, 1, False
bending, 1, False
handrail, 1, False
tilted, 1, False
sideways, 1, False
losing, 1, False
situation, 1, False
awoke, 1, False
maniac, 1, False
heavenswhats, 1, False
thirteen, 1, False
whitefaced, 1, False
roundfaced, 1, False
levers, 1, False
tingledthe, 1, False
cranks, 1, False
dewdrops, 1, False
cabbage, 1, False
extrasized, 1, False
trembles, 1, False
subsequent, 1, False
didoh, 1, False
heave, 1, False
crydont, 1, False
broad, 1, False
conscientiously, 1, False
pat, 1, False
handkerchiefa, 1, False
horseshoes, 1, False
mopped, 1, False
thundered, 1, False
shamed, 1, False
snivelling, 1, False
wrongbut, 1, False
youif, 1, False
knowneven, 1, False
harms, 1, False
sneaks, 1, False
dutyits, 1, False
knowd, 1, False
illpewmonia, 1, False
saysand, 1, False
split, 1, False
ignored, 1, False
waking, 1, False
brigdens, 1, False
yonderwhere, 1, False
acoming, 1, False
moneya, 1, False
pennies, 1, False
sixpences, 1, False
halfacrown, 1, False
tongues, 1, False
unpleasant, 1, False
sneak, 1, False
marched, 1, False
stupidly, 1, False
sends, 1, False
honourword, 1, False
sissy, 1, False
aboutthere, 1, False
horsecloths, 1, False
lad, 1, False
nip, 1, False
bike, 1, False
lads, 1, False
steady, 1, False
duchess, 1, False
designing, 1, False
villain, 1, False
missing, 1, False
workroom, 1, False
hatless, 1, False
vet, 1, False
frown, 1, False
reallyhes, 1, False
willing, 1, False
embarrassing, 1, False
act, 1, False
bluey, 1, False
flush, 1, False
heredont, 1, False
wounded, 1, False
parlour, 1, False
downstairs, 1, False
backwards, 1, False
forwards, 1, False
battleand, 1, False
steeped, 1, False
gore, 1, False
cowards, 1, False
rakewounded, 1, False
philyou, 1, False
earlier, 1, False
reaction, 1, False
notices, 1, False
oneself, 1, False
violent, 1, False
doctorish, 1, False
designs, 1, False
legthe, 1, False
pulls, 1, False
inwith, 1, False
andlets, 1, False
bonesetting, 1, False
rightlets, 1, False
bandages, 1, False
couch, 1, False
trailing, 1, False
tangle, 1, False
boards, 1, False
excitedly, 1, False
giggling, 1, False
groaning, 1, False
grievously, 1, False
moaned, 1, False
bleeding, 1, False
folding, 1, False
wound, 1, False
writhing, 1, False
yell, 1, False
yah, 1, False
dignity, 1, False
jobs, 1, False
fracture, 1, False
plucky, 1, False
toohullo, 1, False
mousystill, 1, False
bonds, 1, False
frowned, 1, False
imagination, 1, False
biting, 1, False
screening, 1, False
wellthen, 1, False
tease, 1, False
writhe, 1, False
unspoken, 1, False
reproach, 1, False
tying, 1, False
untied, 1, False
knots, 1, False
fumbled, 1, False
cords, 1, False
circus, 1, False
heavywhats, 1, False
lancets, 1, False
instruments, 1, False
knowthe, 1, False
intense, 1, False
rescues, 1, False
examining, 1, False
balance, 1, False
microscope, 1, False
scales, 1, False
measuring, 1, False
oar, 1, False
wondering, 1, False
fiddling, 1, False
fossil, 1, False
ammonite, 1, False
paperweight, 1, False
women, 1, False
hardier, 1, False
wouldand, 1, False
muttered, 1, False
weaker, 1, False
babies, 1, False
buck, 1, False
doe, 1, False
beastslions, 1, False
elephantstheyre, 1, False
fists, 1, False
thingthe, 1, False
womenyour, 1, False
mentioning, 1, False
aredirectly, 1, False
facts, 1, False
heartily, 1, False
nastiest, 1, False
rudest, 1, False
phili, 1, False
springing, 1, False
stalked, 1, False
superior, 1, False
restored, 1, False
flames, 1, False
twinkling, 1, False
fold, 1, False
thatim, 1, False
schoolyoud, 1, False
confessed, 1, False
wellperhaps, 1, False
petebut, 1, False
nursing, 1, False
courseand, 1, False
schoolmaster, 1, False
rolling, 1, False
grandfathers, 1, False
roll, 1, False
musingly, 1, False
enveloping, 1, False
addressing, 1, False
methats, 1, False
gods, 1, False
mistakes, 1, False
rightin, 1, False
italmost, 1, False
alwaysexcept, 1, False
trueand, 1, False
finest, 1, False
virtues, 1, False
angelic, 1, False
feared, 1, False
plaiting, 1, False
dooryoure, 1, False
recognise, 1, False
longish, 1, False
highwaymen, 1, False
tenant, 1, False
briskly, 1, False
listenthe, 1, False
doors, 1, False
crack, 1, False
listening, 1, False
scandalised, 1, False
forrests, 1, False
stablemanand, 1, False
cleaner, 1, False
dampbecause, 1, False
grandfatherthey, 1, False
filed, 1, False
windowseat, 1, False
leathercovered, 1, False
politenessmuch, 1, False
practise, 1, False
manners, 1, False
naming, 1, False
smiling, 1, False
worldit, 1, False
confide, 1, False
arrangement, 1, False
blankly, 1, False
hurriedly, 1, False
continue, 1, False
staff, 1, False
cooktill, 1, False
slight, 1, False
million, 1, False
doubts, 1, False
radiant, 1, False
japanese, 1, False
grandson, 1, False
itat, 1, False
snooks, 1, False
jenkins, 1, False
wasntand, 1, False
namesthey, 1, False
muddler, 1, False
interfered, 1, False
cleared, 1, False
peeling, 1, False
potatoes, 1, False
memories, 1, False
pap, 1, False
verbs, 1, False
succeeded, 1, False
queens, 1, False
apples, 1, False
slatewhat, 1, False
price, 1, False
scratch, 1, False
dividend, 1, False
jollier, 1, False
sailing, 1, False
formed, 1, False
lowest, 1, False
liking, 1, False
wigsbys, 1, False
wise, 1, False
expressly, 1, False
cuts, 1, False
wears, 1, False
goloshes, 1, False
christian, 1, False
cannot, 1, False
wicketkeep, 1, False
cricket, 1, False
ball, 1, False
reads, 1, False
indoors, 1, False
mossoo, 1, False
cave, 1, False
shirks, 1, False
football, 1, False
whistle, 1, False
fool, 1, False
shocking, 1, False
chess, 1, False
draughts, 1, False
dominoes, 1, False
altogether, 1, False
accord, 1, False
dreamily, 1, False
strictly, 1, False
truthful, 1, False
uneasy, 1, False
misses, 1, False
plaintively, 1, False
tuesday, 1, False
burnt, 1, False
september, 1, False
frail, 1, False
tough, 1, False
slender, 1, False
lilaccoloured, 1, False
discs, 1, False
pool, 1, False
gathered, 1, False
generous, 1, False
handful, 1, False
greenandpink, 1, False
blanket, 1, False
silkwaste, 1, False
aisle, 1, False
smash, 1, False
ornamented, 1, False
pavement, 1, False
maid, 1, False
minding, 1, False
violently, 1, False
fluttered, 1, False
rustle, 1, False
danced, 1, False
curiously, 1, False
stands, 1, False
clips, 1, False
nodding, 1, False
nods, 1, False
shade, 1, False
agreementeach, 1, False
astonished, 1, False
mostly, 1, False
fluttery, 1, False
coronation, 1, False
biograph, 1, False
responding, 1, False
stronery, 1, False
echoed, 1, False
significating, 1, False
suspender, 1, False
served, 1, False
simple, 1, False
sum, 1, False
division, 1, False
48, 1, False
36, 1, False
144, 1, False
lazy, 1, False
patterns, 1, False
bolted, 1, False
blindly, 1, False
waterproofs, 1, False
umbrellas, 1, False
squirmytwisty, 1, False
stroking, 1, False
hollyhocks, 1, False
asters, 1, False
autumn, 1, False
alongdo, 1, False
civil, 1, False
contemptuous, 1, False
cap, 1, False
uttered, 1, False
blacksmith, 1, False
broadly, 1, False
smiles, 1, False
quickened, 1, False
beats, 1, False
iseveryone, 1, False
pumphandle, 1, False
unusually, 1, False
1154s, 1, False
missthe, 1, False
shared, 1, False
solitude, 1, False
tortoiseshell, 1, False
disposition, 1, False
stockings, 1, False
reverberating, 1, False
purrs, 1, False
stroke, 1, False
todayeven, 1, False
pussy, 1, False
oursbuton, 1, False
steaming, 1, False
vague, 1, False
confused, 1, False
expectant, 1, False
tellperhaps, 1, False
happenbut, 1, False
tiredness, 1, False
countryman, 1, False
baskety, 1, False
russet, 1, False
wicker, 1, False
peckitt, 1, False
parcels, 1, False
clasp, 1, False
assured, 1, False
struggle, 1, False
waitingwaiting, 1, False
flower, 1, False
flagstones, 1, False
grudging, 1, False
circling, 1, False
fly, 1, False
winds, 1, False
frost, 1, False
land, 1, False
opens, 1, False
loyalbookscom, 1, False
